channel,ref
21Sextury.us,https://github.com/iptv-org/iptv/issues/15723
40Plus.uk,https://github.com/iptv-org/iptv/issues/15723
A3Bikini.us,https://github.com/iptv-org/iptv/issues/15723
AdultChannel.uk,https://github.com/iptv-org/iptv/issues/15723
AdultChannel1.rs,https://github.com/iptv-org/iptv/issues/15723
AdultChannel2.rs,https://github.com/iptv-org/iptv/issues/15723
AdultChannel3.rs,https://github.com/iptv-org/iptv/issues/15723
AdultChannel4.rs,https://github.com/iptv-org/iptv/issues/15723
AdultChannel5.rs,https://github.com/iptv-org/iptv/issues/15723
AdultChannel6.rs,https://github.com/iptv-org/iptv/issues/15723
AdultChannel7.rs,https://github.com/iptv-org/iptv/issues/15723
AdultIPTVnetAnal.us,https://github.com/iptv-org/iptv/issues/15723
AdultIPTVnetAsian.us,https://github.com/iptv-org/iptv/issues/15723
AdultIPTVnetBigAss.us,https://github.com/iptv-org/iptv/issues/15723
AdultIPTVnetBigDick.us,https://github.com/iptv-org/iptv/issues/15723
AdultIPTVnetBigTits.us,https://github.com/iptv-org/iptv/issues/15723
AdultIPTVnetBlonde.us,https://github.com/iptv-org/iptv/issues/15723
AdultIPTVnetBlowjob.us,https://github.com/iptv-org/iptv/issues/15723
AdultIPTVnetBrunette.us,https://github.com/iptv-org/iptv/issues/15723
AdultIPTVnetCompilation.us,https://github.com/iptv-org/iptv/issues/15723
AdultIPTVnetCuckold.us,https://github.com/iptv-org/iptv/issues/15723
AdultIPTVnetFetish.us,https://github.com/iptv-org/iptv/issues/15723
AdultIPTVnetGangbang.us,https://github.com/iptv-org/iptv/issues/15723
AdultIPTVnetGay.us,https://github.com/iptv-org/iptv/issues/15723
AdultIPTVnetHardcore.us,https://github.com/iptv-org/iptv/issues/15723
AdultIPTVnetInterracial.us,https://github.com/iptv-org/iptv/issues/15723
AdultIPTVnetLatina.us,https://github.com/iptv-org/iptv/issues/15723
AdultIPTVnetLesbian.us,https://github.com/iptv-org/iptv/issues/15723
AdultIPTVnetLiveCams.us,https://github.com/iptv-org/iptv/issues/15723
AdultIPTVnetMILF.us,https://github.com/iptv-org/iptv/issues/15723
AdultIPTVnetPornstar.us,https://github.com/iptv-org/iptv/issues/15723
AdultIPTVnetPOV.us,https://github.com/iptv-org/iptv/issues/15723
AdultIPTVnetRough.us,https://github.com/iptv-org/iptv/issues/15723
AdultIPTVnetRussian.us,https://github.com/iptv-org/iptv/issues/15723
AdultIPTVnetTeen.us,https://github.com/iptv-org/iptv/issues/15723
AdultIPTVnetThreesome.us,https://github.com/iptv-org/iptv/issues/15723
AdultIPTVnetWoman.us,https://github.com/iptv-org/iptv/issues/15723
AlbaXXXHD1.ru,https://github.com/iptv-org/iptv/issues/15723
AlbaXXXHD2.ru,https://github.com/iptv-org/iptv/issues/15723
AlexLegend.us,https://github.com/iptv-org/iptv/issues/15723
AllAnal.ca,https://github.com/iptv-org/iptv/issues/15723
AllAnalAllTheTime.us,https://github.com/iptv-org/iptv/issues/15723
AlureChannel.th,https://github.com/iptv-org/iptv/issues/15723
AmateurBoxxx.us,https://github.com/iptv-org/iptv/issues/15723
AmazingTV.tw,https://github.com/iptv-org/iptv/issues/15723
Anal4K.uk,https://github.com/iptv-org/iptv/issues/15723
AnalMom.us,https://github.com/iptv-org/iptv/issues/15723
AnalOnly.ca,https://github.com/iptv-org/iptv/issues/15723
AnalTeenAngels.uk,https://github.com/iptv-org/iptv/issues/15723
AngelsHD.si,https://github.com/iptv-org/iptv/issues/15723
AnimalPlanet.au,https://github.com/iptv-org/iptv/issues/1831
AnimalPlanet.br,https://github.com/iptv-org/iptv/issues/1831
AnimalPlanet.ca,https://github.com/iptv-org/iptv/issues/1831
AnimalPlanet.de,https://github.com/iptv-org/iptv/issues/1831
AnimalPlanet.in,https://github.com/iptv-org/iptv/issues/1831
AnimalPlanet.jp,https://github.com/iptv-org/iptv/issues/1831
AnimalPlanet.nl,https://github.com/iptv-org/iptv/issues/1831
AnimalPlanet.pl,https://github.com/iptv-org/iptv/issues/1831
AnimalPlanet.ro,https://github.com/iptv-org/iptv/issues/1831
AnimalPlanet.ru,https://github.com/iptv-org/iptv/issues/1831
AnimalPlanet.tr,https://github.com/iptv-org/iptv/issues/1831
AnimalPlanet.tw,https://github.com/iptv-org/iptv/issues/1831
AnimalPlanet.uk,https://github.com/iptv-org/iptv/issues/1831
AnimalPlanetEast.us,https://github.com/iptv-org/iptv/issues/1831
AnimalPlanetEastHD.us,https://github.com/iptv-org/iptv/issues/1831
AnimalPlanetEurope.uk,https://github.com/iptv-org/iptv/issues/1831
AnimalPlanetEuropeHD.uk,https://github.com/iptv-org/iptv/issues/1831
AnimalPlanetHD.br,https://github.com/iptv-org/iptv/issues/1831
AnimalPlanetHD.ca,https://github.com/iptv-org/iptv/issues/1831
AnimalPlanetHD.de,https://github.com/iptv-org/iptv/issues/1831
AnimalPlanetHD.in,https://github.com/iptv-org/iptv/issues/1831
AnimalPlanetHD.jp,https://github.com/iptv-org/iptv/issues/1831
AnimalPlanetHD.nl,https://github.com/iptv-org/iptv/issues/1831
AnimalPlanetHD.pl,https://github.com/iptv-org/iptv/issues/1831
AnimalPlanetHD.ro,https://github.com/iptv-org/iptv/issues/1831
AnimalPlanetLatinAmerica.us,https://github.com/iptv-org/iptv/issues/1831
AnimalPlanetLatinAmericaHD.us,https://github.com/iptv-org/iptv/issues/1831
AnimalPlanetNordic.uk,https://github.com/iptv-org/iptv/issues/1831
AnimalPlanetNordicHD.uk,https://github.com/iptv-org/iptv/issues/1831
AnimalPlanetPlus1.uk,https://github.com/iptv-org/iptv/issues/1831
AnimalPlanetSoutheastAsia.sg,https://github.com/iptv-org/iptv/issues/1831
AnimalPlanetSoutheastAsiaHD.sg,https://github.com/iptv-org/iptv/issues/1831
AnimalPlanetWest.us,https://github.com/iptv-org/iptv/issues/1831
AnimalPlanetWestHD.us,https://github.com/iptv-org/iptv/issues/1831
AOVAdultMovieChannel.ca,https://github.com/iptv-org/iptv/issues/15723
Arena4.hu,https://github.com/github/dmca/blob/master/2020/09/2020-09-16-dfl.md
AsianFoodNetwork.sg,https://github.com/iptv-org/iptv/issues/1831
AsianFoodNetwork.tw,https://github.com/iptv-org/iptv/issues/1831
AssholeFever.uk,https://github.com/iptv-org/iptv/issues/15723
AssParade.us,https://github.com/iptv-org/iptv/issues/15723
ASTTV1.cy,https://github.com/iptv-org/iptv/issues/15723
ASTTV2.cy,https://github.com/iptv-org/iptv/issues/15723
AVKing.jp,https://github.com/iptv-org/iptv/issues/15723
Babenation.uk,https://github.com/iptv-org/iptv/issues/15723
BabesandBrazzers.uk,https://github.com/iptv-org/iptv/issues/15723
Babestation.uk,https://github.com/iptv-org/iptv/issues/15723
Babestation24.ch,https://github.com/iptv-org/iptv/issues/15723
BabesTV.us,https://github.com/iptv-org/iptv/issues/15723
BalkanEroticHD.si,https://github.com/iptv-org/iptv/issues/15723
BananaFever.us,https://github.com/iptv-org/iptv/issues/15723
BananaTV.tw,https://github.com/iptv-org/iptv/issues/15723
BangBus.us,https://github.com/iptv-org/iptv/issues/15723
BangPOV.us,https://github.com/iptv-org/iptv/issues/15723
BangU.us,https://github.com/iptv-org/iptv/issues/15723
BarelyLegalTV.us,https://github.com/iptv-org/iptv/issues/15723
BBCPie.uk,https://github.com/iptv-org/iptv/issues/15723
BCUCharmHD.ru,https://github.com/iptv-org/iptv/issues/15723
BeateUhseTV.de,https://github.com/iptv-org/iptv/issues/15723
BeateUhseTVHD.de,https://github.com/iptv-org/iptv/issues/15723
beINSports.fr,https://github.com/github/dmca/blob/master/2020/09/2020-09-16-dfl.md
beINSports.qa,https://github.com/github/dmca/blob/master/2020/09/2020-09-16-dfl.md
beINSports1.au,https://github.com/github/dmca/blob/master/2020/09/2020-09-16-dfl.md
beINSports1.fr,https://github.com/github/dmca/blob/master/2020/09/2020-09-16-dfl.md
beINSports1.hk,https://github.com/github/dmca/blob/master/2020/09/2020-09-16-dfl.md
beINSports1.my,https://github.com/github/dmca/blob/master/2020/09/2020-09-16-dfl.md
beINSports1.ph,https://github.com/github/dmca/blob/master/2020/09/2020-09-16-dfl.md
beINSports1.qa,https://github.com/github/dmca/blob/master/2020/09/2020-09-16-dfl.md
beINSports1.th,https://github.com/github/dmca/blob/master/2020/09/2020-09-16-dfl.md
beINSports1.tr,https://github.com/github/dmca/blob/master/2020/09/2020-09-16-dfl.md
beINSports2.au,https://github.com/github/dmca/blob/master/2020/09/2020-09-16-dfl.md
beINSports2.fr,https://github.com/github/dmca/blob/master/2020/09/2020-09-16-dfl.md
beINSports2.hk,https://github.com/github/dmca/blob/master/2020/09/2020-09-16-dfl.md
beINSports2.qa,https://github.com/github/dmca/blob/master/2020/09/2020-09-16-dfl.md
beINSports2.th,https://github.com/github/dmca/blob/master/2020/09/2020-09-16-dfl.md
beINSports2.tr,https://github.com/github/dmca/blob/master/2020/09/2020-09-16-dfl.md
beINSports3.au,https://github.com/github/dmca/blob/master/2020/09/2020-09-16-dfl.md
beINSports3.fr,https://github.com/github/dmca/blob/master/2020/09/2020-09-16-dfl.md
beINSports3.ph,https://github.com/github/dmca/blob/master/2020/09/2020-09-16-dfl.md
beINSports3.qa,https://github.com/github/dmca/blob/master/2020/09/2020-09-16-dfl.md
beINSports3.th,https://github.com/github/dmca/blob/master/2020/09/2020-09-16-dfl.md
beINSports3.tr,https://github.com/github/dmca/blob/master/2020/09/2020-09-16-dfl.md
beINSports4.qa,https://github.com/github/dmca/blob/master/2020/09/2020-09-16-dfl.md
beINSports4.tr,https://github.com/github/dmca/blob/master/2020/09/2020-09-16-dfl.md
beINSports5.qa,https://github.com/github/dmca/blob/master/2020/09/2020-09-16-dfl.md
beINSports5.tr,https://github.com/github/dmca/blob/master/2020/09/2020-09-16-dfl.md
beINSports6.qa,https://github.com/github/dmca/blob/master/2020/09/2020-09-16-dfl.md
beINSports7.qa,https://github.com/github/dmca/blob/master/2020/09/2020-09-16-dfl.md
beINSports8.qa,https://github.com/github/dmca/blob/master/2020/09/2020-09-16-dfl.md
beINSportsEnglish1.qa,https://github.com/github/dmca/blob/master/2020/09/2020-09-16-dfl.md
beINSportsEnglish2.qa,https://github.com/github/dmca/blob/master/2020/09/2020-09-16-dfl.md
beINSportsEnglish3.qa,https://github.com/github/dmca/blob/master/2020/09/2020-09-16-dfl.md
beINSportsFrench1.qa,https://github.com/github/dmca/blob/master/2020/09/2020-09-16-dfl.md
beINSportsFrench2.qa,https://github.com/github/dmca/blob/master/2020/09/2020-09-16-dfl.md
beINSportsFrench3.qa,https://github.com/github/dmca/blob/master/2020/09/2020-09-16-dfl.md
beINSportsMax1.qa,https://github.com/github/dmca/blob/master/2020/09/2020-09-16-dfl.md
beINSportsMax1.tr,https://github.com/github/dmca/blob/master/2020/09/2020-09-16-dfl.md
beINSportsMax10.fr,https://github.com/github/dmca/blob/master/2020/09/2020-09-16-dfl.md
beINSportsMax2.qa,https://github.com/github/dmca/blob/master/2020/09/2020-09-16-dfl.md
beINSportsMax2.tr,https://github.com/github/dmca/blob/master/2020/09/2020-09-16-dfl.md
beINSportsMax3.qa,https://github.com/github/dmca/blob/master/2020/09/2020-09-16-dfl.md
beINSportsMax4.fr,https://github.com/github/dmca/blob/master/2020/09/2020-09-16-dfl.md
beINSportsMax4.qa,https://github.com/github/dmca/blob/master/2020/09/2020-09-16-dfl.md
beINSportsMax5.fr,https://github.com/github/dmca/blob/master/2020/09/2020-09-16-dfl.md
beINSportsMax5.qa,https://github.com/github/dmca/blob/master/2020/09/2020-09-16-dfl.md
beINSportsMax6.fr,https://github.com/github/dmca/blob/master/2020/09/2020-09-16-dfl.md
beINSportsMax6.qa,https://github.com/github/dmca/blob/master/2020/09/2020-09-16-dfl.md
beINSportsMax7.fr,https://github.com/github/dmca/blob/master/2020/09/2020-09-16-dfl.md
beINSportsMax8.fr,https://github.com/github/dmca/blob/master/2020/09/2020-09-16-dfl.md
beINSportsMax9.fr,https://github.com/github/dmca/blob/master/2020/09/2020-09-16-dfl.md
beINSportsPremium1.qa,https://github.com/github/dmca/blob/master/2020/09/2020-09-16-dfl.md
beINSportsPremium2.qa,https://github.com/github/dmca/blob/master/2020/09/2020-09-16-dfl.md
beINSportsPremium3.qa,https://github.com/github/dmca/blob/master/2020/09/2020-09-16-dfl.md
beINSportsXtra1.qa,https://github.com/github/dmca/blob/master/2020/09/2020-09-16-dfl.md
beINSportsXtra2.qa,https://github.com/github/dmca/blob/master/2020/09/2020-09-16-dfl.md
Bizarre.al,https://github.com/iptv-org/iptv/issues/15723
Bliss.si,https://github.com/iptv-org/iptv/issues/15723
BlueHustler.nl,https://github.com/iptv-org/iptv/issues/15723
BodySex.pt,https://github.com/iptv-org/iptv/issues/15723
BooBHD.si,https://github.com/iptv-org/iptv/issues/15723
BrandNewAmateurs.us,https://github.com/iptv-org/iptv/issues/15723
BrattySis.us,https://github.com/iptv-org/iptv/issues/15723
BrazzersTVEurope.us,https://github.com/iptv-org/iptv/issues/15723
BTSportMosaic.uk,https://github.com/iptv-org/iptv/issues/6973
BTSportMosaic2.uk,https://github.com/iptv-org/iptv/issues/6973
BungaBunga.al,https://github.com/iptv-org/iptv/issues/15723
Candy3DHD.ru,https://github.com/iptv-org/iptv/issues/15723
CandyManTV.ru,https://github.com/iptv-org/iptv/issues/15723
CandyTV.ru,https://github.com/iptv-org/iptv/issues/15723
CandyTVHD.ru,https://github.com/iptv-org/iptv/issues/15723
CapableHoleHD.si,https://github.com/iptv-org/iptv/issues/15723
CentoXCentoTV.it,https://github.com/iptv-org/iptv/issues/15723
ChannelAdult.hk,https://github.com/iptv-org/iptv/issues/15723
ChannelBlue.hk,https://github.com/iptv-org/iptv/issues/15723
ChannelFire.hk,https://github.com/iptv-org/iptv/issues/15723
CherryBomb.jp,https://github.com/iptv-org/iptv/issues/15723
CineManExExEx.ru,https://github.com/iptv-org/iptv/issues/15723
CineManExExExTWO.ru,https://github.com/iptv-org/iptv/issues/15723
CinemaPlus.co,https://github.com/iptv-org/iptv/issues/15723
ColmaxTV.fr,https://github.com/iptv-org/iptv/issues/15723
CookingChannel.ca,https://github.com/iptv-org/iptv/issues/1831
CookingChannel.us,https://github.com/iptv-org/iptv/issues/1831
Cum4KUHD.uk,https://github.com/iptv-org/iptv/issues/15723
CumPerfection.us,https://github.com/iptv-org/iptv/issues/15723
DadCrush.us,https://github.com/iptv-org/iptv/issues/15723
DaneJones.ca,https://github.com/iptv-org/iptv/issues/15723
DarkX.us,https://github.com/iptv-org/iptv/issues/15723
DAZN1.de,https://github.com/github/dmca/blob/master/2020/09/2020-09-16-dfl.md
DAZN1.es,https://github.com/github/dmca/blob/master/2020/09/2020-09-16-dfl.md
DAZN1HD.de,https://github.com/github/dmca/blob/master/2020/09/2020-09-16-dfl.md
DAZN1HD.uk,https://github.com/github/dmca/blob/master/2020/09/2020-09-16-dfl.md
DAZN2.de,https://github.com/github/dmca/blob/master/2020/09/2020-09-16-dfl.md
DAZN2.es,https://github.com/github/dmca/blob/master/2020/09/2020-09-16-dfl.md
DAZN2HD.de,https://github.com/github/dmca/blob/master/2020/09/2020-09-16-dfl.md
DAZN3.es,https://github.com/github/dmca/blob/master/2020/09/2020-09-16-dfl.md
DAZN4.es,https://github.com/github/dmca/blob/master/2020/09/2020-09-16-dfl.md
DAZNF1.es,https://github.com/github/dmca/blob/master/2020/09/2020-09-16-dfl.md
DAZNF14K.es,https://github.com/github/dmca/blob/master/2020/09/2020-09-16-dfl.md
DAZNLaLiga.es,https://github.com/github/dmca/blob/master/2020/09/2020-09-16-dfl.md
DAZNLaLiga2.es,https://github.com/github/dmca/blob/master/2020/09/2020-09-16-dfl.md
DAZNLaLiga3.es,https://github.com/github/dmca/blob/master/2020/09/2020-09-16-dfl.md
DAZNLaLiga4.es,https://github.com/github/dmca/blob/master/2020/09/2020-09-16-dfl.md
DAZNLaLiga5.es,https://github.com/github/dmca/blob/master/2020/09/2020-09-16-dfl.md
DeepLush.us,https://github.com/iptv-org/iptv/issues/15723
DeepThroatSirens.ca,https://github.com/iptv-org/iptv/issues/15723
Desire.al,https://github.com/iptv-org/iptv/issues/15723
Desire.uk,https://github.com/iptv-org/iptv/issues/15723
DesireTV.kr,https://github.com/iptv-org/iptv/issues/15723
DevilsFilm.us,https://github.com/iptv-org/iptv/issues/15723
DevilsHomeHD.si,https://github.com/iptv-org/iptv/issues/15723
DiemaSport.bg,https://github.com/github/dmca/blob/master/2020/09/2020-09-16-dfl.md
DiemaSport2.bg,https://github.com/github/dmca/blob/master/2020/09/2020-09-16-dfl.md
DiemaSport24K.bg,https://github.com/github/dmca/blob/master/2020/09/2020-09-16-dfl.md
DiemaSport3.bg,https://github.com/github/dmca/blob/master/2020/09/2020-09-16-dfl.md
DiemaSport34K.bg,https://github.com/github/dmca/blob/master/2020/09/2020-09-16-dfl.md
DirtyFlix.us,https://github.com/iptv-org/iptv/issues/15723
DirtyMasseur.ca,https://github.com/iptv-org/iptv/issues/15723
DirtyWivesClub.us,https://github.com/iptv-org/iptv/issues/15723
DiscoveryAsia.sg,https://github.com/iptv-org/iptv/issues/1831
DiscoveryAsiaTaiwan.tw,https://github.com/iptv-org/iptv/issues/1831
DiscoveryChannel.au,https://github.com/iptv-org/iptv/issues/1831
DiscoveryChannel.be,https://github.com/iptv-org/iptv/issues/1831
DiscoveryChannel.bg,https://github.com/iptv-org/iptv/issues/1831
DiscoveryChannel.br,https://github.com/iptv-org/iptv/issues/1831
DiscoveryChannel.ca,https://github.com/iptv-org/iptv/issues/1831
DiscoveryChannel.cl,https://github.com/iptv-org/iptv/issues/1831
DiscoveryChannel.cz,https://github.com/iptv-org/iptv/issues/1831
DiscoveryChannel.de,https://github.com/iptv-org/iptv/issues/1831
DiscoveryChannel.dk,https://github.com/iptv-org/iptv/issues/1831
DiscoveryChannel.ee,https://github.com/iptv-org/iptv/issues/1831
DiscoveryChannel.es,https://github.com/iptv-org/iptv/issues/1831
DiscoveryChannel.fi,https://github.com/iptv-org/iptv/issues/1831
DiscoveryChannel.fr,https://github.com/iptv-org/iptv/issues/1831
DiscoveryChannel.hu,https://github.com/iptv-org/iptv/issues/1831
DiscoveryChannel.id,https://github.com/iptv-org/iptv/issues/1831
DiscoveryChannel.ie,https://github.com/iptv-org/iptv/issues/1831
DiscoveryChannel.in,https://github.com/iptv-org/iptv/issues/1831
DiscoveryChannel.it,https://github.com/iptv-org/iptv/issues/1831
DiscoveryChannel.jp,https://github.com/iptv-org/iptv/issues/1831
DiscoveryChannel.kr,https://github.com/iptv-org/iptv/issues/1831
DiscoveryChannel.lv,https://github.com/iptv-org/iptv/issues/1831
DiscoveryChannel.mt,https://github.com/iptv-org/iptv/issues/1831
DiscoveryChannel.mx,https://github.com/iptv-org/iptv/issues/1831
DiscoveryChannel.nl,https://github.com/iptv-org/iptv/issues/1831
DiscoveryChannel.no,https://github.com/iptv-org/iptv/issues/1831
DiscoveryChannel.nz,https://github.com/iptv-org/iptv/issues/1831
DiscoveryChannel.pl,https://github.com/iptv-org/iptv/issues/1831
DiscoveryChannel.pt,https://github.com/iptv-org/iptv/issues/1831
DiscoveryChannel.ro,https://github.com/iptv-org/iptv/issues/1831
DiscoveryChannel.rs,https://github.com/iptv-org/iptv/issues/1831
DiscoveryChannel.ru,https://github.com/iptv-org/iptv/issues/1831
DiscoveryChannel.se,https://github.com/iptv-org/iptv/issues/1831
DiscoveryChannel.si,https://github.com/iptv-org/iptv/issues/1831
DiscoveryChannel.tr,https://github.com/iptv-org/iptv/issues/1831
DiscoveryChannel.tw,https://github.com/iptv-org/iptv/issues/1831
DiscoveryChannel.uk,https://github.com/iptv-org/iptv/issues/1831
DiscoveryChannelEast.us,https://github.com/iptv-org/iptv/issues/1831
DiscoveryChannelHD.de,https://github.com/iptv-org/iptv/issues/1831
DiscoveryChannelHD.it,https://github.com/iptv-org/iptv/issues/1831
DiscoveryChannelMiddleEastAfrica.us,https://github.com/iptv-org/iptv/issues/1831
DiscoveryChannelPanregional.us,https://github.com/iptv-org/iptv/issues/1831
DiscoveryChannelPlus1.it,https://github.com/iptv-org/iptv/issues/1831
DiscoveryChannelPlus1.uk,https://github.com/iptv-org/iptv/issues/1831
DiscoveryChannelPlus2.au,https://github.com/iptv-org/iptv/issues/1831
DiscoveryChannelSouth.us,https://github.com/iptv-org/iptv/issues/1831
DiscoveryChannelSoutheastAsia.sg,https://github.com/iptv-org/iptv/issues/1831
DiscoveryChannelWest.us,https://github.com/iptv-org/iptv/issues/1831
DiscoveryCivilization.br,https://github.com/iptv-org/iptv/issues/1831
DiscoveryCivilizationLatinAmerica.us,https://github.com/iptv-org/iptv/issues/1831
DiscoveryenEspanol.us,https://github.com/iptv-org/iptv/issues/1831
DiscoveryFamilia.us,https://github.com/iptv-org/iptv/issues/1831
DiscoveryFamily.us,https://github.com/iptv-org/iptv/issues/1831
DiscoveryFamilyAfrica.us,https://github.com/iptv-org/iptv/issues/1831
DiscoveryHistoria.pl,https://github.com/iptv-org/iptv/issues/1831
DiscoveryHistory.uk,https://github.com/iptv-org/iptv/issues/1831
DiscoveryHistoryPlus1.uk,https://github.com/iptv-org/iptv/issues/1831
DiscoveryHomeHealth.br,https://github.com/iptv-org/iptv/issues/1831
DiscoveryHomeHealth.cl,https://github.com/iptv-org/iptv/issues/1831
DiscoveryHomeHealth.mx,https://github.com/iptv-org/iptv/issues/1831
DiscoveryHomeHealthPanregional.us,https://github.com/iptv-org/iptv/issues/1831
DiscoveryHomeHealthSouth.us,https://github.com/iptv-org/iptv/issues/1831
DiscoveryKids.br,https://github.com/iptv-org/iptv/issues/1831
DiscoveryKids.cl,https://github.com/iptv-org/iptv/issues/1831
DiscoveryKids.in,https://github.com/iptv-org/iptv/issues/1831
DiscoveryKids.mx,https://github.com/iptv-org/iptv/issues/1831
DiscoveryKidsPanregional.us,https://github.com/iptv-org/iptv/issues/1831
DiscoveryLife.pl,https://github.com/iptv-org/iptv/issues/1831
DiscoveryLife.us,https://github.com/iptv-org/iptv/issues/1831
DiscoveryPlusExtra1.se,https://github.com/iptv-org/iptv/issues/1831
DiscoveryPlusExtra2.se,https://github.com/iptv-org/iptv/issues/1831
DiscoveryPlusExtra3.se,https://github.com/iptv-org/iptv/issues/1831
DiscoveryPlusExtra4.se,https://github.com/iptv-org/iptv/issues/1831
DiscoveryPlusExtra5.se,https://github.com/iptv-org/iptv/issues/1831
DiscoveryPlusExtra6.se,https://github.com/iptv-org/iptv/issues/1831
DiscoveryPlusExtra7.se,https://github.com/iptv-org/iptv/issues/1831
DiscoveryPlusExtra8.se,https://github.com/iptv-org/iptv/issues/1831
DiscoveryScience.br,https://github.com/iptv-org/iptv/issues/1831
DiscoveryScience.ca,https://github.com/iptv-org/iptv/issues/1831
DiscoveryScience.cz,https://github.com/iptv-org/iptv/issues/1831
DiscoveryScience.fr,https://github.com/iptv-org/iptv/issues/1831
DiscoveryScience.hu,https://github.com/iptv-org/iptv/issues/1831
DiscoveryScience.in,https://github.com/iptv-org/iptv/issues/1831
DiscoveryScience.it,https://github.com/iptv-org/iptv/issues/1831
DiscoveryScience.pl,https://github.com/iptv-org/iptv/issues/1831
DiscoveryScience.ru,https://github.com/iptv-org/iptv/issues/1831
DiscoveryScience.se,https://github.com/iptv-org/iptv/issues/1831
DiscoveryScience.tr,https://github.com/iptv-org/iptv/issues/1831
DiscoveryScience.tw,https://github.com/iptv-org/iptv/issues/1831
DiscoveryScience.uk,https://github.com/iptv-org/iptv/issues/1831
DiscoveryScience.us,https://github.com/iptv-org/iptv/issues/1831
DiscoveryScienceLatinAmerica.us,https://github.com/iptv-org/iptv/issues/1831
DiscoveryScienceMiddleEast.uk,https://github.com/iptv-org/iptv/issues/1831
DiscoverySciencePlus1.uk,https://github.com/iptv-org/iptv/issues/1831
DiscoveryScienceSoutheastAsia.sg,https://github.com/iptv-org/iptv/issues/1831
DiscoveryTheater.br,https://github.com/iptv-org/iptv/issues/1831
DiscoveryTheaterLatinAmerica.us,https://github.com/iptv-org/iptv/issues/1831
DiscoveryTurbo.au,https://github.com/iptv-org/iptv/issues/1831
DiscoveryTurbo.br,https://github.com/iptv-org/iptv/issues/1831
DiscoveryTurbo.in,https://github.com/iptv-org/iptv/issues/1831
DiscoveryTurbo.jp,https://github.com/iptv-org/iptv/issues/1831
DiscoveryTurbo.nz,https://github.com/iptv-org/iptv/issues/1831
DiscoveryTurbo.uk,https://github.com/iptv-org/iptv/issues/1831
DiscoveryTurboPanregional.us,https://github.com/iptv-org/iptv/issues/1831
DiscoveryTurboPlus1.uk,https://github.com/iptv-org/iptv/issues/1831
DiscoveryTurboPlus2.au,https://github.com/iptv-org/iptv/issues/1831
DiscoveryUltra.ru,https://github.com/iptv-org/iptv/issues/1831
DiscoveryVelocity.ca,https://github.com/iptv-org/iptv/issues/1831
DiscoveryWorld.br,https://github.com/iptv-org/iptv/issues/1831
DiscoveryWorldLatinAmerica.us,https://github.com/iptv-org/iptv/issues/1831
DKISS.es,https://github.com/iptv-org/iptv/issues/1831
DMAX.de,https://github.com/iptv-org/iptv/issues/1831
DMAX.es,https://github.com/iptv-org/iptv/issues/1831
DMAX.it,https://github.com/iptv-org/iptv/issues/1831
DMAX.tr,https://github.com/iptv-org/iptv/issues/1831
DMAX.tw,https://github.com/iptv-org/iptv/issues/1831
DMAX.uk,https://github.com/iptv-org/iptv/issues/1831
DMAXHD.it,https://github.com/iptv-org/iptv/issues/1831
DMAXPlus1.it,https://github.com/iptv-org/iptv/issues/1831
DMAXPlus1.uk,https://github.com/iptv-org/iptv/issues/1831
DMAXSoutheastAsia.sg,https://github.com/iptv-org/iptv/issues/1831
DorcelTV.nl,https://github.com/iptv-org/iptv/issues/15723
DorcelTVAfrica.nl,https://github.com/iptv-org/iptv/issues/15723
DorcelTVCanada.ca,https://github.com/iptv-org/iptv/issues/15723
DorcelTVHD.nl,https://github.com/iptv-org/iptv/issues/15723
DorcelXXX.nl,https://github.com/iptv-org/iptv/issues/15723
DPFanatics.uk,https://github.com/iptv-org/iptv/issues/15723
DreamPornTV.ba,https://github.com/iptv-org/iptv/issues/15723
DuskTV.nl,https://github.com/iptv-org/iptv/issues/15723
DynamiteTV.jp,https://github.com/iptv-org/iptv/issues/15723
Eleven1.be,https://github.com/github/dmca/blob/master/2020/09/2020-09-16-dfl.md
Eleven2.be,https://github.com/github/dmca/blob/master/2020/09/2020-09-16-dfl.md
ElevenProLeague1.be,https://github.com/github/dmca/blob/master/2020/09/2020-09-16-dfl.md
ElevenProLeague2.be,https://github.com/github/dmca/blob/master/2020/09/2020-09-16-dfl.md
ElevenProLeague3.be,https://github.com/github/dmca/blob/master/2020/09/2020-09-16-dfl.md
Enter959.jp,https://github.com/iptv-org/iptv/issues/15723
Eromania4K.ru,https://github.com/iptv-org/iptv/issues/15723
Eropulsde.de,https://github.com/iptv-org/iptv/issues/15723
Erotic.rs,https://github.com/iptv-org/iptv/issues/15723
Erotic2.rs,https://github.com/iptv-org/iptv/issues/15723
Erotic3.rs,https://github.com/iptv-org/iptv/issues/15723
Erotic4.rs,https://github.com/iptv-org/iptv/issues/15723
Erotic5.rs,https://github.com/iptv-org/iptv/issues/15723
Erotic6.rs,https://github.com/iptv-org/iptv/issues/15723
Erotic7.rs,https://github.com/iptv-org/iptv/issues/15723
Erotic8.rs,https://github.com/iptv-org/iptv/issues/15723
EroticaX.us,https://github.com/iptv-org/iptv/issues/15723
EroticSpice.ca,https://github.com/iptv-org/iptv/issues/15723
EroX.nl,https://github.com/iptv-org/iptv/issues/15723
EroXHD.nl,https://github.com/iptv-org/iptv/issues/15723
EroXXX.nl,https://github.com/iptv-org/iptv/issues/15723
EroXXXHD.nl,https://github.com/iptv-org/iptv/issues/15723
ESPN.ar,https://github.com/github/dmca/blob/master/2020/09/2020-09-16-dfl.md
ESPN.au,https://github.com/github/dmca/blob/master/2020/09/2020-09-16-dfl.md
ESPN.cl,https://github.com/github/dmca/blob/master/2020/09/2020-09-16-dfl.md
ESPN.co,https://github.com/github/dmca/blob/master/2020/09/2020-09-16-dfl.md
ESPN.pe,https://github.com/github/dmca/blob/master/2020/09/2020-09-16-dfl.md
ESPN.us,https://github.com/github/dmca/blob/master/2020/09/2020-09-16-dfl.md
ESPN2.ar,https://github.com/github/dmca/blob/master/2020/09/2020-09-16-dfl.md
ESPN2.cl,https://github.com/github/dmca/blob/master/2020/09/2020-09-16-dfl.md
ESPN2.co,https://github.com/github/dmca/blob/master/2020/09/2020-09-16-dfl.md
ESPN2.pe,https://github.com/github/dmca/blob/master/2020/09/2020-09-16-dfl.md
ESPN2.us,https://github.com/github/dmca/blob/master/2020/09/2020-09-16-dfl.md
ESPN2Caribbean.us,https://github.com/github/dmca/blob/master/2020/09/2020-09-16-dfl.md
ESPN2North.us,https://github.com/github/dmca/blob/master/2020/09/2020-09-16-dfl.md
ESPN3.ar,https://github.com/github/dmca/blob/master/2020/09/2020-09-16-dfl.md
ESPN3North.us,https://github.com/github/dmca/blob/master/2020/09/2020-09-16-dfl.md
ESPN3South.us,https://github.com/github/dmca/blob/master/2020/09/2020-09-16-dfl.md
ESPN4.cl,https://github.com/github/dmca/blob/master/2020/09/2020-09-16-dfl.md
ESPN4North.us,https://github.com/github/dmca/blob/master/2020/09/2020-09-16-dfl.md
ESPN4South.us,https://github.com/github/dmca/blob/master/2020/09/2020-09-16-dfl.md
ESPNCaribbean.us,https://github.com/github/dmca/blob/master/2020/09/2020-09-16-dfl.md
ESPNNorth.us,https://github.com/github/dmca/blob/master/2020/09/2020-09-16-dfl.md
ESPNPremium.ar,https://github.com/github/dmca/blob/master/2020/09/2020-09-16-dfl.md
EuroGirlsonGirls.cz,https://github.com/iptv-org/iptv/issues/15723
Eurosport.in,https://github.com/iptv-org/iptv/issues/1831
Eurosport.no,https://github.com/iptv-org/iptv/issues/1831
Eurosport1.de,https://github.com/iptv-org/iptv/issues/1831
Eurosport1.dk,https://github.com/iptv-org/iptv/issues/1831
Eurosport1.es,https://github.com/iptv-org/iptv/issues/1831
Eurosport1.fr,https://github.com/iptv-org/iptv/issues/1831
Eurosport1.fr,https://github.com/iptv-org/iptv/issues/1831
Eurosport1.gr,https://github.com/iptv-org/iptv/issues/1831
Eurosport1.hu,https://github.com/iptv-org/iptv/issues/1831
Eurosport1.it,https://github.com/iptv-org/iptv/issues/1831
Eurosport1.nl,https://github.com/iptv-org/iptv/issues/1831
Eurosport1.no,https://github.com/iptv-org/iptv/issues/1831
Eurosport1.pl,https://github.com/iptv-org/iptv/issues/1831
Eurosport1.ro,https://github.com/iptv-org/iptv/issues/1831
Eurosport1.ru,https://github.com/iptv-org/iptv/issues/1831
Eurosport1.tr,https://github.com/iptv-org/iptv/issues/1831
Eurosport1.uk,https://github.com/iptv-org/iptv/issues/1831
Eurosport1HD.uk,https://github.com/iptv-org/iptv/issues/1831
Eurosport2.de,https://github.com/iptv-org/iptv/issues/1831
Eurosport2.dk,https://github.com/iptv-org/iptv/issues/1831
Eurosport2.es,https://github.com/iptv-org/iptv/issues/1831
Eurosport2.fr,https://github.com/iptv-org/iptv/issues/1831
Eurosport2.fr,https://github.com/iptv-org/iptv/issues/1831
Eurosport2.gr,https://github.com/iptv-org/iptv/issues/1831
Eurosport2.hu,https://github.com/iptv-org/iptv/issues/1831
Eurosport2.it,https://github.com/iptv-org/iptv/issues/1831
Eurosport2.nl,https://github.com/iptv-org/iptv/issues/1831
Eurosport2.pl,https://github.com/iptv-org/iptv/issues/1831
Eurosport2.ro,https://github.com/iptv-org/iptv/issues/1831
Eurosport2.ru,https://github.com/iptv-org/iptv/issues/1831
Eurosport2.tr,https://github.com/iptv-org/iptv/issues/1831
Eurosport2.uk,https://github.com/iptv-org/iptv/issues/1831
Eurosport2HD.uk,https://github.com/iptv-org/iptv/issues/1831
Eurosport2Xtra.de,https://github.com/iptv-org/iptv/issues/1831
Eurosport3.fr,https://github.com/iptv-org/iptv/issues/1831
Eurosport360HD1.fr,https://github.com/iptv-org/iptv/issues/1831
Eurosport360HD2.fr,https://github.com/iptv-org/iptv/issues/1831
Eurosport360HD3.fr,https://github.com/iptv-org/iptv/issues/1831
Eurosport360HD4.fr,https://github.com/iptv-org/iptv/issues/1831
Eurosport360HD5.fr,https://github.com/iptv-org/iptv/issues/1831
Eurosport360HD6.fr,https://github.com/iptv-org/iptv/issues/1831
Eurosport360HD7.fr,https://github.com/iptv-org/iptv/issues/1831
Eurosport360HD8.fr,https://github.com/iptv-org/iptv/issues/1831
Eurosport360HD9.fr,https://github.com/iptv-org/iptv/issues/1831
Eurosport4.fr,https://github.com/iptv-org/iptv/issues/1831
Eurosport4K.fr,https://github.com/iptv-org/iptv/issues/1831
Eurosport5.fr,https://github.com/iptv-org/iptv/issues/1831
Eurosport6.fr,https://github.com/iptv-org/iptv/issues/1831
Eurosport7.fr,https://github.com/iptv-org/iptv/issues/1831
Eurosport8.fr,https://github.com/iptv-org/iptv/issues/1831
Eurosport9.fr,https://github.com/iptv-org/iptv/issues/1831
EurosportAsia.fr,https://github.com/iptv-org/iptv/issues/1831
EVE.us,https://github.com/iptv-org/iptv/issues/1831
EVETaiwan.tw,https://github.com/iptv-org/iptv/issues/1831
EvilAngelTV.us,https://github.com/iptv-org/iptv/issues/15723
Exotic4K.uk,https://github.com/iptv-org/iptv/issues/15723
EXTANSYTV4K.cz,https://github.com/iptv-org/iptv/issues/15723
EXTASYHD.cz,https://github.com/iptv-org/iptv/issues/15723
EXTASYTV.cz,https://github.com/iptv-org/iptv/issues/15723
ExtremeHD.si,https://github.com/iptv-org/iptv/issues/15723
Exxxotica.ru,https://github.com/iptv-org/iptv/issues/15723
ExxxoticaHD.ru,https://github.com/iptv-org/iptv/issues/15723
ExxxtasyTV.ca,https://github.com/iptv-org/iptv/issues/15723
FamilyStrokes.us,https://github.com/iptv-org/iptv/issues/15723
FamilySwap.us,https://github.com/iptv-org/iptv/issues/15723
FAPTV.ru,https://github.com/iptv-org/iptv/issues/15723
FAPTV2.ru,https://github.com/iptv-org/iptv/issues/15723
FAPTV3.ru,https://github.com/iptv-org/iptv/issues/15723
FAPTV4.ru,https://github.com/iptv-org/iptv/issues/15723
FAPTVAmateur.ru,https://github.com/iptv-org/iptv/issues/15723
FAPTVAnal.ru,https://github.com/iptv-org/iptv/issues/15723
FAPTVBBW.ru,https://github.com/iptv-org/iptv/issues/15723
FAPTVCompilation.ru,https://github.com/iptv-org/iptv/issues/15723
FAPTVGay.ru,https://github.com/iptv-org/iptv/issues/15723
FAPTVLesbian.ru,https://github.com/iptv-org/iptv/issues/15723
FAPTVOlder.ru,https://github.com/iptv-org/iptv/issues/15723
FAPTVParody.ru,https://github.com/iptv-org/iptv/issues/15723
FAPTVTeaching.ru,https://github.com/iptv-org/iptv/issues/15723
FAPTVTeens.ru,https://github.com/iptv-org/iptv/issues/15723
FAPTVTrans.ru,https://github.com/iptv-org/iptv/issues/15723
FashionTVMidnightSecrets.fr,https://github.com/iptv-org/iptv/issues/15723
FastTV.us,https://github.com/iptv-org/iptv/issues/1831
Fatafeat.ae,https://github.com/iptv-org/iptv/issues/1831
FEM.no,https://github.com/iptv-org/iptv/issues/1831
Flamingo.jp,https://github.com/iptv-org/iptv/issues/15723
Focus.it,https://github.zendesk.com/attachments/token/FL9J24PDKdm0zzJJ3tKyXonmA/?name=2022-02-01-nagra.rtf
FocusHD.it,https://github.zendesk.com/attachments/token/FL9J24PDKdm0zzJJ3tKyXonmA/?name=2022-02-01-nagra.rtf
FoodNetwork.br,https://github.com/iptv-org/iptv/issues/1831
FoodNetwork.ca,https://github.com/iptv-org/iptv/issues/1831
FoodNetwork.hu,https://github.com/iptv-org/iptv/issues/1831
FoodNetwork.it,https://github.com/iptv-org/iptv/issues/1831
FoodNetwork.mx,https://github.com/iptv-org/iptv/issues/1831
FoodNetwork.nz,https://github.com/iptv-org/iptv/issues/1831
FoodNetwork.pl,https://github.com/iptv-org/iptv/issues/1831
FoodNetwork.ro,https://github.com/iptv-org/iptv/issues/1831
FoodNetwork.tw,https://github.com/iptv-org/iptv/issues/1831
FoodNetwork.uk,https://github.com/iptv-org/iptv/issues/1831
FoodNetwork.us,https://github.com/iptv-org/iptv/issues/1831
FoodNetworkAsia.sg,https://github.com/iptv-org/iptv/issues/1831
FoodNetworkEast.us,https://github.com/iptv-org/iptv/issues/1831
FoodNetworkEMEA.us,https://github.com/iptv-org/iptv/issues/1831
FoodNetworkHD.it,https://github.com/iptv-org/iptv/issues/1831
FoodNetworkPanregional.us,https://github.com/iptv-org/iptv/issues/1831
FoodNetworkPlus1.uk,https://github.com/iptv-org/iptv/issues/1831
FoodNetworkWest.us,https://github.com/iptv-org/iptv/issues/1831
FoodTV.kr,https://github.com/iptv-org/iptv/issues/1831
FoxyDollsHD.si,https://github.com/iptv-org/iptv/issues/15723
FrenchLover.ru,https://github.com/iptv-org/iptv/issues/15723
FrenchLoverTV.fr,https://github.com/iptv-org/iptv/issues/15723
Frisbee.it,https://github.com/iptv-org/iptv/issues/1831
Giallo.it,https://github.com/iptv-org/iptv/issues/1831
GialloHD.it,https://github.com/iptv-org/iptv/issues/1831
GLAMHD.si,https://github.com/iptv-org/iptv/issues/15723
GlobalNews.ca,https://github.com/iptv-org/iptv/pull/6329
GlobalNewsBC1.ca,https://github.com/iptv-org/iptv/pull/6329
GolfTV.us,https://github.com/iptv-org/iptv/issues/1831
HappyChannel.tw,https://github.com/iptv-org/iptv/issues/15723
HGTV.br,https://github.com/iptv-org/iptv/issues/1831
HGTV.ca,https://github.com/iptv-org/iptv/issues/1831
HGTV.hu,https://github.com/iptv-org/iptv/issues/1831
HGTV.it,https://github.com/iptv-org/iptv/issues/1831
HGTV.nz,https://github.com/iptv-org/iptv/issues/1831
HGTV.pl,https://github.com/iptv-org/iptv/issues/1831
HGTV.ru,https://github.com/iptv-org/iptv/issues/1831
HGTV.tw,https://github.com/iptv-org/iptv/issues/1831
HGTV.uk,https://github.com/iptv-org/iptv/issues/1831
HGTV.us,https://github.com/iptv-org/iptv/issues/1831
HGTVArabia.us,https://github.com/iptv-org/iptv/issues/1831
HGTVAsia.us,https://github.com/iptv-org/iptv/issues/1831
HGTVEast.us,https://github.com/iptv-org/iptv/issues/1831
HGTVHD.it,https://github.com/iptv-org/iptv/issues/1831
HGTVPanregional.us,https://github.com/iptv-org/iptv/issues/1831
HGTVPlus1.uk,https://github.com/iptv-org/iptv/issues/1831
HGTVSouthAfrica.za,https://github.com/iptv-org/iptv/issues/1831
HGTVWest.us,https://github.com/iptv-org/iptv/issues/1831
HiPlay.tw,https://github.com/iptv-org/iptv/issues/15723
HogarHGTV.us,https://github.com/iptv-org/iptv/issues/1831
HoneyTV.kr,https://github.com/iptv-org/iptv/issues/15723
HOT.pt,https://github.com/iptv-org/iptv/issues/15723
HOT1HD.ru,https://github.com/iptv-org/iptv/issues/15723
HOT2HD.ru,https://github.com/iptv-org/iptv/issues/15723
HotChannel.tw,https://github.com/iptv-org/iptv/issues/15723
HOTHD.pt,https://github.com/iptv-org/iptv/issues/15723
HOTMan.pt,https://github.com/iptv-org/iptv/issues/15723
HotPleasure.si,https://github.com/iptv-org/iptv/issues/15723
HOTTaboo.pt,https://github.com/iptv-org/iptv/issues/15723
HotwifePremium.us,https://github.com/iptv-org/iptv/issues/15723
HotXXLHD.si,https://github.com/iptv-org/iptv/issues/15723
HustlerHD.nl,https://github.com/iptv-org/iptv/issues/15723
HustlerTV.us,https://github.com/iptv-org/iptv/issues/15723
HustlerTVEurope.nl,https://github.com/iptv-org/iptv/issues/15723
IceFire.hk,https://github.com/iptv-org/iptv/issues/15723
InvestigationDiscovery.au,https://github.com/iptv-org/iptv/issues/1831
InvestigationDiscovery.br,https://github.com/iptv-org/iptv/issues/1831
InvestigationDiscovery.ca,https://github.com/iptv-org/iptv/issues/1831
InvestigationDiscovery.fr,https://github.com/iptv-org/iptv/issues/1831
InvestigationDiscovery.hu,https://github.com/iptv-org/iptv/issues/1831
InvestigationDiscovery.in,https://github.com/iptv-org/iptv/issues/1831
InvestigationDiscovery.mx,https://github.com/iptv-org/iptv/issues/1831
InvestigationDiscovery.nl,https://github.com/iptv-org/iptv/issues/1831
InvestigationDiscovery.pl,https://github.com/iptv-org/iptv/issues/1831
InvestigationDiscovery.ru,https://github.com/iptv-org/iptv/issues/1831
InvestigationDiscovery.se,https://github.com/iptv-org/iptv/issues/1831
InvestigationDiscovery.uk,https://github.com/iptv-org/iptv/issues/1831
InvestigationDiscoveryAfrica.us,https://github.com/iptv-org/iptv/issues/1831
InvestigationDiscoveryEast.us,https://github.com/iptv-org/iptv/issues/1831
InvestigationDiscoveryEurope.us,https://github.com/iptv-org/iptv/issues/1831
InvestigationDiscoveryPanregional.us,https://github.com/iptv-org/iptv/issues/1831
InvestigationDiscoveryPlus1.uk,https://github.com/iptv-org/iptv/issues/1831
InvestigationDiscoverySouth.us,https://github.com/iptv-org/iptv/issues/1831
InvestigationDiscoveryWest.us,https://github.com/iptv-org/iptv/issues/1831
Iskushenie.ru,https://github.com/iptv-org/iptv/issues/15723
ITVNEurope.pl,https://github.com/iptv-org/iptv/issues/1831
ITVNExtra.pl,https://github.com/iptv-org/iptv/issues/1831
ITVNUSA.us,https://github.com/iptv-org/iptv/issues/1831
JasminTV.lu,https://github.com/iptv-org/iptv/issues/15723
JennyForYou.us,https://github.com/iptv-org/iptv/issues/15723
JennyLive.us,https://github.com/iptv-org/iptv/issues/15723
K2.it,https://github.com/iptv-org/iptv/issues/1831
KDOCDT6.us,https://github.zendesk.com/attachments/token/qCOIlhjNbuhARY64ffpnzv9Ef/?name=2022-01-06-localnow.rtf
Kino18Plus.ru,https://github.com/iptv-org/iptv/issues/15723
Kino18PlusInternational.ru,https://github.com/iptv-org/iptv/issues/15723
KinoshkaAdultHD.ru,https://github.com/iptv-org/iptv/issues/15723
KinoXXX.ru,https://github.com/iptv-org/iptv/issues/15723
kmpChannel.jp,https://github.com/iptv-org/iptv/issues/15723
KOFYDT6.us,https://github.zendesk.com/attachments/token/qCOIlhjNbuhARY64ffpnzv9Ef/?name=2022-01-06-localnow.rtf
KSTVErotica.ua,https://github.com/iptv-org/iptv/issues/15723
KSTVFantasyArt.ua,https://github.com/iptv-org/iptv/issues/15723
KSTVHotFilms.ua,https://github.com/iptv-org/iptv/issues/15723
KSTVLesbianLove.ua,https://github.com/iptv-org/iptv/issues/15723
KSTVSecret18Plus.ua,https://github.com/iptv-org/iptv/issues/15723
KUBEDT7.us,https://github.zendesk.com/attachments/token/qCOIlhjNbuhARY64ffpnzv9Ef/?name=2022-01-06-localnow.rtf
KWHEDT3.us,https://github.com/iptv-org/iptv/issues/9729
Legal.si,https://github.com/iptv-org/iptv/issues/15723
LEOTV.cz,https://github.com/iptv-org/iptv/issues/15723
LEOTVGOLD.cz,https://github.com/iptv-org/iptv/issues/15723
LEOTVHD.cz,https://github.com/iptv-org/iptv/issues/15723
LibertyErotikaFHD.ru,https://github.com/iptv-org/iptv/issues/15723
Living.nz,https://github.com/iptv-org/iptv/issues/1831
LocalNowBergenCounty.us,https://github.zendesk.com/attachments/token/qCOIlhjNbuhARY64ffpnzv9Ef/?name=2022-01-06-localnow.rtf
LocalNowLongIsland.us,https://github.zendesk.com/attachments/token/qCOIlhjNbuhARY64ffpnzv9Ef/?name=2022-01-06-localnow.rtf
LocalNowManhattan.us,https://github.zendesk.com/attachments/token/qCOIlhjNbuhARY64ffpnzv9Ef/?name=2022-01-06-localnow.rtf
LocalNowNewburgh.us,https://github.zendesk.com/attachments/token/qCOIlhjNbuhARY64ffpnzv9Ef/?name=2022-01-06-localnow.rtf
LocalNowNewYorkCity.us,https://github.zendesk.com/attachments/token/qCOIlhjNbuhARY64ffpnzv9Ef/?name=2022-01-06-localnow.rtf
LocalNowWhitePlains.us,https://github.zendesk.com/attachments/token/qCOIlhjNbuhARY64ffpnzv9Ef/?name=2022-01-06-localnow.rtf
LohasChannel.tw,https://github.com/iptv-org/iptv/issues/15723
LustPur.de,https://github.com/iptv-org/iptv/issues/15723
MagnoliaNetworkEast.us,https://github.com/iptv-org/iptv/issues/5994
MagnoliaNetworkWest.us,https://github.com/iptv-org/iptv/issues/5994
MaleflixxxTelevision.ca,https://github.com/iptv-org/iptv/issues/15723
ManX.be,https://github.com/iptv-org/iptv/issues/15723
Match.ru,https://github.com/github/dmca/blob/master/2020/09/2020-09-16-dfl.md
MatchFutbol1.ru,https://github.com/github/dmca/blob/master/2020/09/2020-09-16-dfl.md
MatchFutbol2.ru,https://github.com/github/dmca/blob/master/2020/09/2020-09-16-dfl.md
MatchFutbol3.ru,https://github.com/github/dmca/blob/master/2020/09/2020-09-16-dfl.md
MatchPremier.ru,https://github.com/github/dmca/blob/master/2020/09/2020-09-16-dfl.md
MeidenvanHollandHard.nl,https://github.com/iptv-org/iptv/issues/15723
MetArtHD.us,https://github.com/iptv-org/iptv/issues/15723
MiamiTV.us,https://github.com/iptv-org/iptv/issues/15723
MiamiTVLatino.us,https://github.com/iptv-org/iptv/issues/15723
MiamiTVMexico.us,https://github.com/iptv-org/iptv/issues/15723
Midnight.kr,https://github.com/iptv-org/iptv/issues/15723
MidnightBlue.jp,https://github.com/iptv-org/iptv/issues/15723
MilfTVHD.si,https://github.com/iptv-org/iptv/issues/15723
MIxxxHD.si,https://github.com/iptv-org/iptv/issues/15723
MolaTV1.id,https://github.com/github/dmca/blob/master/2020/09/2020-09-16-dfl.md
MolaTV2.id,https://github.com/github/dmca/blob/master/2020/09/2020-09-16-dfl.md
MotorTrend.it,https://github.zendesk.com/attachments/token/r5abHyVOYbswCkNSmo67CP0Px/?name=2022-02-01-nagra-2.rtf
Motortrend.us,https://github.com/iptv-org/iptv/issues/1831
MotorTrendHD.it,https://github.zendesk.com/attachments/token/r5abHyVOYbswCkNSmo67CP0Px/?name=2022-02-01-nagra-2.rtf
MyCamTVAnal.cy,https://github.com/iptv-org/iptv/issues/15723
MyCamTVArab.cy,https://github.com/iptv-org/iptv/issues/15723
MyCamTVAsian.cy,https://github.com/iptv-org/iptv/issues/15723
MyCamTVBigAss.cy,https://github.com/iptv-org/iptv/issues/15723
MyCamTVBigTits.cy,https://github.com/iptv-org/iptv/issues/15723
MyCamTVBlonde.cy,https://github.com/iptv-org/iptv/issues/15723
MyCamTVBlowjob.cy,https://github.com/iptv-org/iptv/issues/15723
MyCamTVBrunette.cy,https://github.com/iptv-org/iptv/issues/15723
MyCamTVEbony.cy,https://github.com/iptv-org/iptv/issues/15723
MyCamTVLatina.cy,https://github.com/iptv-org/iptv/issues/15723
MyCamTVMedium.cy,https://github.com/iptv-org/iptv/issues/15723
MyCamTVMILF.cy,https://github.com/iptv-org/iptv/issues/15723
MyCamTVSkinny.cy,https://github.com/iptv-org/iptv/issues/15723
MyCamTVSquirt.cy,https://github.com/iptv-org/iptv/issues/15723
MyCamTVTeen.cy,https://github.com/iptv-org/iptv/issues/15723
MyCamTVWhite.cy,https://github.com/iptv-org/iptv/issues/15723
MyCamTVYoung.cy,https://github.com/iptv-org/iptv/issues/15723
N1.ba,https://github.com/iptv-org/iptv/issues/6486
N1.hr,https://github.com/iptv-org/iptv/issues/6486
N1.rs,https://github.com/iptv-org/iptv/issues/6486
N1HD.ba,https://github.com/iptv-org/iptv/issues/6486
N1HD.hr,https://github.com/iptv-org/iptv/issues/6486
N1HD.rs,https://github.com/iptv-org/iptv/issues/6486
Naughty.si,https://github.com/iptv-org/iptv/issues/15723
NetXXL.si,https://github.com/iptv-org/iptv/issues/15723
NightClub.ru,https://github.com/iptv-org/iptv/issues/15723
NovaSport.bg,https://github.com/github/dmca/blob/master/2020/09/2020-09-16-dfl.md
NovaSport.rs,https://github.com/github/dmca/blob/master/2020/09/2020-09-16-dfl.md
NovaSport1.cz,https://github.com/github/dmca/blob/master/2020/09/2020-09-16-dfl.md
NovaSport2.cz,https://github.com/github/dmca/blob/master/2020/09/2020-09-16-dfl.md
NovaSport3.cz,https://github.com/github/dmca/blob/master/2020/09/2020-09-16-dfl.md
NovaSport4.cz,https://github.com/github/dmca/blob/master/2020/09/2020-09-16-dfl.md
Novasports1.gr,https://github.com/github/dmca/blob/master/2020/09/2020-09-16-dfl.md
Novasports2.gr,https://github.com/github/dmca/blob/master/2020/09/2020-09-16-dfl.md
Novasports3.gr,https://github.com/github/dmca/blob/master/2020/09/2020-09-16-dfl.md
Novasports4.gr,https://github.com/github/dmca/blob/master/2020/09/2020-09-16-dfl.md
Novasports5.gr,https://github.com/github/dmca/blob/master/2020/09/2020-09-16-dfl.md
Novasports6.gr,https://github.com/github/dmca/blob/master/2020/09/2020-09-16-dfl.md
Nove.it,https://github.com/iptv-org/iptv/issues/1831
NoveHD.it,https://github.com/iptv-org/iptv/issues/1831
NovePlus1.it,https://github.com/iptv-org/iptv/issues/1831
NuartTV.ru,https://github.com/iptv-org/iptv/issues/15723
Olala.ru,https://github.com/iptv-org/iptv/issues/15723
One.il,https://github.com/github/dmca/blob/master/2020/09/2020-09-16-dfl.md
OrangeSport1.ro,https://github.com/github/dmca/blob/master/2020/09/2020-09-16-dfl.md
OrangeSport2.ro,https://github.com/github/dmca/blob/master/2020/09/2020-09-16-dfl.md
OrangeSport3.ro,https://github.com/github/dmca/blob/master/2020/09/2020-09-16-dfl.md
OrangeSport4.ro,https://github.com/github/dmca/blob/master/2020/09/2020-09-16-dfl.md
OSNMoviesPremiere.ae,https://github.com/iptv-org/iptv/issues/15723
OursHD1.tw,https://github.com/iptv-org/iptv/issues/15723
OursHD2.tw,https://github.com/iptv-org/iptv/issues/15723
OursHD3.tw,https://github.com/iptv-org/iptv/issues/15723
OWN.ca,https://github.com/iptv-org/iptv/issues/1831
OWNEast.us,https://github.com/iptv-org/iptv/issues/1831
OWNWest.us,https://github.com/iptv-org/iptv/issues/1831
OXAHHD.ru,https://github.com/iptv-org/iptv/issues/15723
PandoraPerfectHD.tw,https://github.com/iptv-org/iptv/issues/15723
PandoraPink.tw,https://github.com/iptv-org/iptv/issues/15723
ParadiseTV.jp,https://github.com/iptv-org/iptv/issues/15723
PassieXXX.nl,https://github.com/iptv-org/iptv/issues/15723
PassionXXX.nl,https://github.com/iptv-org/iptv/issues/15723
PassionXXX2.nl,https://github.com/iptv-org/iptv/issues/15723
Pattrn.us,https://github.com/iptv-org/iptv/issues/9729
PenthouseAfterMidnight.us,https://github.com/iptv-org/iptv/issues/15723
PenthouseBlack.us,https://github.com/iptv-org/iptv/issues/15723
PenthouseGold.us,https://github.com/iptv-org/iptv/issues/15723
PenthouseHD1.us,https://github.com/iptv-org/iptv/issues/15723
PenthouseHD2.us,https://github.com/iptv-org/iptv/issues/15723
PenthouseNaughtyNights.us,https://github.com/iptv-org/iptv/issues/15723
PenthousePassion.us,https://github.com/iptv-org/iptv/issues/15723
PenthousePassionHD.us,https://github.com/iptv-org/iptv/issues/15723
PenthouseQuickies.us,https://github.com/iptv-org/iptv/issues/15723
PenthouseRealityTV.us,https://github.com/iptv-org/iptv/issues/15723
PenthouseTV.ca,https://github.com/iptv-org/iptv/issues/15723
PenthouseTV.us,https://github.com/iptv-org/iptv/issues/15723
PenthouseTVMonthlyOffer.us,https://github.com/iptv-org/iptv/issues/15723
PhoenixMarieTV.us,https://github.com/iptv-org/iptv/issues/15723
PinkOTV.it,https://github.com/iptv-org/iptv/issues/15723
PlayboyChannel.jp,https://github.com/iptv-org/iptv/issues/15723
PlayboyTV.br,https://github.com/iptv-org/iptv/issues/15723
PlayboyTV.kr,https://github.com/iptv-org/iptv/issues/15723
PlayboyTV.uk,https://github.com/iptv-org/iptv/issues/15723
PlayboyTV.us,https://github.com/iptv-org/iptv/issues/15723
PlayboyTVAsia.us,https://github.com/iptv-org/iptv/issues/15723
PlayboyTVenEspanol.us,https://github.com/iptv-org/iptv/issues/15723
PlayboyTVEurope.us,https://github.com/iptv-org/iptv/issues/15723
PlayboyTVIberia.us,https://github.com/iptv-org/iptv/issues/15723
PlayboyTVLatinAmerica.us,https://github.com/iptv-org/iptv/issues/15723
PlayboyTVLatinAmericaHD.us,https://github.com/iptv-org/iptv/issues/15723
PlayboyTVMonthlyOffer.us,https://github.com/iptv-org/iptv/issues/15723
PlayHouseHD.si,https://github.com/iptv-org/iptv/issues/15723
PlaymenTV.ca,https://github.com/iptv-org/iptv/issues/15723
PornhubTV.us,https://github.com/iptv-org/iptv/issues/15723
PPTV.th,https://github.com/github/dmca/blob/master/2020/09/2020-09-16-dfl.md
PrimaSport1.ro,https://github.com/github/dmca/blob/master/2020/09/2020-09-16-dfl.md
PrimaSport2.ro,https://github.com/github/dmca/blob/master/2020/09/2020-09-16-dfl.md
PrimaSport3.ro,https://github.com/github/dmca/blob/master/2020/09/2020-09-16-dfl.md
PrimaSport4.ro,https://github.com/github/dmca/blob/master/2020/09/2020-09-16-dfl.md
PrivateSpice.fr,https://github.com/iptv-org/iptv/issues/15723
PrivateTV.nl,https://github.com/iptv-org/iptv/issues/15723
PrivateTVHD.nl,https://github.com/iptv-org/iptv/issues/15723
PublicAgent.ca,https://github.com/iptv-org/iptv/issues/15723
PureBabes.us,https://github.com/iptv-org/iptv/issues/15723
QUBEAdultFilms.us,https://github.com/iptv-org/iptv/issues/15723
Quest.uk,https://github.com/iptv-org/iptv/issues/1831
Quest.us,https://github.com/iptv-org/iptv/issues/1831
QuestHD.uk,https://github.com/iptv-org/iptv/issues/1831
QuestPlus1.uk,https://github.com/iptv-org/iptv/issues/1831
QuestRed.uk,https://github.com/iptv-org/iptv/issues/1831
QuestRedPlus1.uk,https://github.com/iptv-org/iptv/issues/1831
RainbowChannel.jp,https://github.com/iptv-org/iptv/issues/15723
RainbowChannel.tw,https://github.com/iptv-org/iptv/issues/15723
RealityKingsHD.us,https://github.com/iptv-org/iptv/issues/15723
RealityKingsTV.us,https://github.com/iptv-org/iptv/issues/15723
RealTime.it,https://github.com/iptv-org/iptv/issues/1831
RealTimeAfrica.us,https://github.com/iptv-org/iptv/issues/1831
RealTimeHD.it,https://github.com/iptv-org/iptv/issues/1831
RealTimePlus1.it,https://github.com/iptv-org/iptv/issues/1831
RedCherry.jp,https://github.com/iptv-org/iptv/issues/15723
RedHotTV.ca,https://github.com/iptv-org/iptv/issues/15723
RedlightHD.nl,https://github.com/iptv-org/iptv/issues/15723
RedLips.ru,https://github.com/iptv-org/iptv/issues/15723
REDxxxHD.si,https://github.com/iptv-org/iptv/issues/15723
RKPrime.us,https://github.com/iptv-org/iptv/issues/15723
RKTV.us,https://github.com/iptv-org/iptv/issues/15723
Russiannight.ru,https://github.com/iptv-org/iptv/issues/15723
RussiannightHD.ru,https://github.com/iptv-org/iptv/issues/15723
S66Cams.uk,https://github.com/iptv-org/iptv/issues/15723
SABCSport.za,https://github.com/github/dmca/blob/master/2020/09/2020-09-16-dfl.md
SAT1.de,https://github.com/github/dmca/blob/master/2020/09/2020-09-16-dfl.md
SatisfactionHD.lu,https://github.com/iptv-org/iptv/issues/15723
SCT.it,https://github.com/iptv-org/iptv/issues/15723
SetantaSportsGeorgia.ge,https://github.com/github/dmca/blob/master/2020/09/2020-09-16-dfl.md
SetantaSportsPlusGeorgia.ge,https://github.com/github/dmca/blob/master/2020/09/2020-09-16-dfl.md
SetantaSportsUkraine.ua,https://github.com/github/dmca/blob/master/2020/09/2020-09-16-dfl.md
SexArt.cy,https://github.com/iptv-org/iptv/issues/15723
SexationHD.si,https://github.com/iptv-org/iptv/issues/15723
Sexprive.br,https://github.com/iptv-org/iptv/issues/15723
Sextosenso.it,https://github.com/iptv-org/iptv/issues/15723
Sextreme.br,https://github.com/iptv-org/iptv/issues/15723
SexWithMuslims.cz,https://github.com/iptv-org/iptv/issues/15723
SexyHot.br,https://github.com/iptv-org/iptv/issues/15723
Shalun.ru,https://github.com/iptv-org/iptv/issues/15723
ShalunHD.ru,https://github.com/iptv-org/iptv/issues/15723
Silk.ru,https://github.com/iptv-org/iptv/issues/15723
SINematica.uk,https://github.com/iptv-org/iptv/issues/15723
SkinemaxHD.ca,https://github.com/iptv-org/iptv/issues/15723
SKYHIGHSEXVR.ru,https://github.com/iptv-org/iptv/issues/15723
SkyNews.uk,https://github.com/iptv-org/iptv/issues/7314
SkyNewsHD.uk,https://github.com/iptv-org/iptv/issues/7314
SkySport.it,https://github.com/github/dmca/blob/master/2020/09/2020-09-16-dfl.md
SkySport.it,https://github.com/github/dmca/blob/master/2020/09/2020-09-16-dfl.md
SkySport1.de,https://github.com/github/dmca/blob/master/2020/09/2020-09-16-dfl.md
SkySport10.de,https://github.com/github/dmca/blob/master/2020/09/2020-09-16-dfl.md
SkySport10.it,https://github.com/github/dmca/blob/master/2020/09/2020-09-16-dfl.md
SkySport10HD.de,https://github.com/github/dmca/blob/master/2020/09/2020-09-16-dfl.md
SkySport11.de,https://github.com/github/dmca/blob/master/2020/09/2020-09-16-dfl.md
SkySport11.it,https://github.com/github/dmca/blob/master/2020/09/2020-09-16-dfl.md
SkySport12.de,https://github.com/github/dmca/blob/master/2020/09/2020-09-16-dfl.md
SkySport13.de,https://github.com/github/dmca/blob/master/2020/09/2020-09-16-dfl.md
SkySport14.de,https://github.com/github/dmca/blob/master/2020/09/2020-09-16-dfl.md
SkySport1HD.de,https://github.com/github/dmca/blob/master/2020/09/2020-09-16-dfl.md
SkySport2.de,https://github.com/github/dmca/blob/master/2020/09/2020-09-16-dfl.md
SkySport2.it,https://github.com/github/dmca/blob/master/2020/09/2020-09-16-dfl.md
SkySport24.it,https://github.com/github/dmca/blob/master/2020/09/2020-09-16-dfl.md
SkySport24HD.it,https://github.com/github/dmca/blob/master/2020/09/2020-09-16-dfl.md
SkySport2HD.de,https://github.com/github/dmca/blob/master/2020/09/2020-09-16-dfl.md
SkySport2HD.it,https://github.com/github/dmca/blob/master/2020/09/2020-09-16-dfl.md
SkySport3.de,https://github.com/github/dmca/blob/master/2020/09/2020-09-16-dfl.md
SkySport3.it,https://github.com/github/dmca/blob/master/2020/09/2020-09-16-dfl.md
SkySport3HD.de,https://github.com/github/dmca/blob/master/2020/09/2020-09-16-dfl.md
SkySport3HD.it,https://github.com/github/dmca/blob/master/2020/09/2020-09-16-dfl.md
SkySport4.de,https://github.com/github/dmca/blob/master/2020/09/2020-09-16-dfl.md
SkySport4.it,https://github.com/github/dmca/blob/master/2020/09/2020-09-16-dfl.md
SkySport4HD.de,https://github.com/github/dmca/blob/master/2020/09/2020-09-16-dfl.md
SkySport4K.it,https://github.com/github/dmca/blob/master/2020/09/2020-09-16-dfl.md
SkySport5.de,https://github.com/github/dmca/blob/master/2020/09/2020-09-16-dfl.md
SkySport5.it,https://github.com/github/dmca/blob/master/2020/09/2020-09-16-dfl.md
SkySport5HD.de,https://github.com/github/dmca/blob/master/2020/09/2020-09-16-dfl.md
SkySport6.de,https://github.com/github/dmca/blob/master/2020/09/2020-09-16-dfl.md
SkySport6.it,https://github.com/github/dmca/blob/master/2020/09/2020-09-16-dfl.md
SkySport6HD.de,https://github.com/github/dmca/blob/master/2020/09/2020-09-16-dfl.md
SkySport7.de,https://github.com/github/dmca/blob/master/2020/09/2020-09-16-dfl.md
SkySport7.it,https://github.com/github/dmca/blob/master/2020/09/2020-09-16-dfl.md
SkySport7HD.de,https://github.com/github/dmca/blob/master/2020/09/2020-09-16-dfl.md
SkySport8.de,https://github.com/github/dmca/blob/master/2020/09/2020-09-16-dfl.md
SkySport8.it,https://github.com/github/dmca/blob/master/2020/09/2020-09-16-dfl.md
SkySport8HD.de,https://github.com/github/dmca/blob/master/2020/09/2020-09-16-dfl.md
SkySport9.de,https://github.com/github/dmca/blob/master/2020/09/2020-09-16-dfl.md
SkySport9.it,https://github.com/github/dmca/blob/master/2020/09/2020-09-16-dfl.md
SkySport9HD.de,https://github.com/github/dmca/blob/master/2020/09/2020-09-16-dfl.md
SkySportAction.it,https://github.com/github/dmca/blob/master/2020/09/2020-09-16-dfl.md
SkySportArena.it,https://github.com/github/dmca/blob/master/2020/09/2020-09-16-dfl.md
SkySportArenaHD.it,https://github.com/github/dmca/blob/master/2020/09/2020-09-16-dfl.md
SkySportBar1.it,https://github.com/github/dmca/blob/master/2020/09/2020-09-16-dfl.md
SkySportBar2.it,https://github.com/github/dmca/blob/master/2020/09/2020-09-16-dfl.md
SkySportBar3.it,https://github.com/github/dmca/blob/master/2020/09/2020-09-16-dfl.md
SkySportBundesliga1.de,https://github.com/github/dmca/blob/master/2020/09/2020-09-16-dfl.md
SkySportBundesliga10.de,https://github.com/github/dmca/blob/master/2020/09/2020-09-16-dfl.md
SkySportBundesliga10HD.de,https://github.com/github/dmca/blob/master/2020/09/2020-09-16-dfl.md
SkySportBundesliga1HD.de,https://github.com/github/dmca/blob/master/2020/09/2020-09-16-dfl.md
SkySportBundesliga2.de,https://github.com/github/dmca/blob/master/2020/09/2020-09-16-dfl.md
SkySportBundesliga2HD.de,https://github.com/github/dmca/blob/master/2020/09/2020-09-16-dfl.md
SkySportBundesliga3.de,https://github.com/github/dmca/blob/master/2020/09/2020-09-16-dfl.md
SkySportBundesliga3HD.de,https://github.com/github/dmca/blob/master/2020/09/2020-09-16-dfl.md
SkySportBundesliga4.de,https://github.com/github/dmca/blob/master/2020/09/2020-09-16-dfl.md
SkySportBundesliga4HD.de,https://github.com/github/dmca/blob/master/2020/09/2020-09-16-dfl.md
SkySportBundesliga5.de,https://github.com/github/dmca/blob/master/2020/09/2020-09-16-dfl.md
SkySportBundesliga5HD.de,https://github.com/github/dmca/blob/master/2020/09/2020-09-16-dfl.md
SkySportBundesliga6.de,https://github.com/github/dmca/blob/master/2020/09/2020-09-16-dfl.md
SkySportBundesliga6HD.de,https://github.com/github/dmca/blob/master/2020/09/2020-09-16-dfl.md
SkySportBundesliga7.de,https://github.com/github/dmca/blob/master/2020/09/2020-09-16-dfl.md
SkySportBundesliga7HD.de,https://github.com/github/dmca/blob/master/2020/09/2020-09-16-dfl.md
SkySportBundesliga8.de,https://github.com/github/dmca/blob/master/2020/09/2020-09-16-dfl.md
SkySportBundesliga8HD.de,https://github.com/github/dmca/blob/master/2020/09/2020-09-16-dfl.md
SkySportBundesliga9.de,https://github.com/github/dmca/blob/master/2020/09/2020-09-16-dfl.md
SkySportBundesliga9HD.de,https://github.com/github/dmca/blob/master/2020/09/2020-09-16-dfl.md
SkySportBundesligaUHD.de,https://github.com/github/dmca/blob/master/2020/09/2020-09-16-dfl.md
SkySportCalcio.it,https://github.com/github/dmca/blob/master/2020/09/2020-09-16-dfl.md
SkySportCalcioHD.it,https://github.com/github/dmca/blob/master/2020/09/2020-09-16-dfl.md
SkySportFootball.it,https://github.com/github/dmca/blob/master/2020/09/2020-09-16-dfl.md
SkySportFootballHD.it,https://github.com/github/dmca/blob/master/2020/09/2020-09-16-dfl.md
SkySportHD.it,https://github.com/github/dmca/blob/master/2020/09/2020-09-16-dfl.md
SkySportKompakt1.de,https://github.com/github/dmca/blob/master/2020/09/2020-09-16-dfl.md
SkySportKompakt2.de,https://github.com/github/dmca/blob/master/2020/09/2020-09-16-dfl.md
SkySportKompakt3.de,https://github.com/github/dmca/blob/master/2020/09/2020-09-16-dfl.md
SkySportKompakt4.de,https://github.com/github/dmca/blob/master/2020/09/2020-09-16-dfl.md
SkySportKompakt5.de,https://github.com/github/dmca/blob/master/2020/09/2020-09-16-dfl.md
SkySports1.mx,https://github.com/github/dmca/blob/master/2020/09/2020-09-16-dfl.md
SkySports16.mx,https://github.com/github/dmca/blob/master/2020/09/2020-09-16-dfl.md
SkySports2.mx,https://github.com/github/dmca/blob/master/2020/09/2020-09-16-dfl.md
SkySports21.mx,https://github.com/github/dmca/blob/master/2020/09/2020-09-16-dfl.md
SkySports24.mx,https://github.com/github/dmca/blob/master/2020/09/2020-09-16-dfl.md
SkySports3.mx,https://github.com/github/dmca/blob/master/2020/09/2020-09-16-dfl.md
SkySports34.mx,https://github.com/github/dmca/blob/master/2020/09/2020-09-16-dfl.md
SkySports6.mx,https://github.com/github/dmca/blob/master/2020/09/2020-09-16-dfl.md
SkySports8.mx,https://github.com/github/dmca/blob/master/2020/09/2020-09-16-dfl.md
SkySports9.mx,https://github.com/github/dmca/blob/master/2020/09/2020-09-16-dfl.md
SkySportsFootball.uk,https://github.com/github/dmca/blob/master/2020/09/2020-09-16-dfl.md
SkySportsFootballHD.uk,https://github.com/github/dmca/blob/master/2020/09/2020-09-16-dfl.md
SkySportsMainEvent.uk,https://github.com/iptv-org/iptv/issues/6973
SkySportsMainEventHD.uk,https://github.com/iptv-org/iptv/issues/6973
SkySportsMix.uk,https://github.com/github/dmca/blob/master/2020/09/2020-09-16-dfl.md
SkySportsMixHD.uk,https://github.com/github/dmca/blob/master/2020/09/2020-09-16-dfl.md
SkySportsPremierLeague.uk,https://github.com/iptv-org/iptv/issues/6973
SkySportsPremierLeagueHD.uk,https://github.com/iptv-org/iptv/issues/6973
SkySportUHD.de,https://github.com/github/dmca/blob/master/2020/09/2020-09-16-dfl.md
SkySportUno.it,https://github.com/github/dmca/blob/master/2020/09/2020-09-16-dfl.md
SkySportUnoHD.it,https://github.com/github/dmca/blob/master/2020/09/2020-09-16-dfl.md
SkyTG24.it,https://github.com/iptv-org/iptv/pull/2294
SkyTG24Eventi.it,https://github.com/github/dmca/blob/master/2020/09/2020-09-16-dfl.md
SkyTG24HD.it,https://github.com/github/dmca/blob/master/2020/09/2020-09-16-dfl.md
SkyTG24PrimoPiano.it,https://github.com/iptv-org/iptv/pull/2294
SonseeTV1.tw,https://github.com/iptv-org/iptv/issues/15723
SonseeTV2.tw,https://github.com/iptv-org/iptv/issues/15723
SonseeTV3.tw,https://github.com/iptv-org/iptv/issues/15723
SonseeTV4.tw,https://github.com/iptv-org/iptv/issues/15723
Splash.jp,https://github.com/iptv-org/iptv/issues/15723
Sport1.de,https://github.com/github/dmca/blob/master/2020/09/2020-09-16-dfl.md
SportKlub1.hr,https://github.com/github/dmca/blob/master/2020/09/2020-09-16-dfl.md
SportKlub1.rs,https://github.com/github/dmca/blob/master/2020/09/2020-09-16-dfl.md
SportKlub2.hr,https://github.com/github/dmca/blob/master/2020/09/2020-09-16-dfl.md
SportKlub2.rs,https://github.com/github/dmca/blob/master/2020/09/2020-09-16-dfl.md
SportKlub3.hr,https://github.com/github/dmca/blob/master/2020/09/2020-09-16-dfl.md
SportKlub3.rs,https://github.com/github/dmca/blob/master/2020/09/2020-09-16-dfl.md
SportKlub4.hr,https://github.com/github/dmca/blob/master/2020/09/2020-09-16-dfl.md
SportKlub4.rs,https://github.com/github/dmca/blob/master/2020/09/2020-09-16-dfl.md
SportKlub5.hr,https://github.com/github/dmca/blob/master/2020/09/2020-09-16-dfl.md
SportKlub5.rs,https://github.com/github/dmca/blob/master/2020/09/2020-09-16-dfl.md
SportKlub6.hr,https://github.com/github/dmca/blob/master/2020/09/2020-09-16-dfl.md
SportKlub6.rs,https://github.com/github/dmca/blob/master/2020/09/2020-09-16-dfl.md
SportKlubHD.rs,https://github.com/github/dmca/blob/master/2020/09/2020-09-16-dfl.md
SportKlubStart.rs,https://github.com/github/dmca/blob/master/2020/09/2020-09-16-dfl.md
SportTV1.si,https://github.com/github/dmca/blob/master/2020/09/2020-09-16-dfl.md
SportTV2.si,https://github.com/github/dmca/blob/master/2020/09/2020-09-16-dfl.md
SportTV3.si,https://github.com/github/dmca/blob/master/2020/09/2020-09-16-dfl.md
SunBeachTV.us,https://github.com/iptv-org/iptv/issues/15723
SuperONE.hu,https://github.com/iptv-org/iptv/issues/15723
SuperONEHD.hu,https://github.com/iptv-org/iptv/issues/15723
SuperSport1.al,https://github.com/github/dmca/blob/master/2020/09/2020-09-16-dfl.md
SuperSport2.al,https://github.com/github/dmca/blob/master/2020/09/2020-09-16-dfl.md
SuperSport3.al,https://github.com/github/dmca/blob/master/2020/09/2020-09-16-dfl.md
SuperSport4.al,https://github.com/github/dmca/blob/master/2020/09/2020-09-16-dfl.md
SuperSport5.al,https://github.com/github/dmca/blob/master/2020/09/2020-09-16-dfl.md
SuperSport6.al,https://github.com/github/dmca/blob/master/2020/09/2020-09-16-dfl.md
SuperSport7.al,https://github.com/github/dmca/blob/master/2020/09/2020-09-16-dfl.md
SuperSportKosova1.xk,https://github.com/github/dmca/blob/master/2020/09/2020-09-16-dfl.md
SuperSportKosova2.xk,https://github.com/github/dmca/blob/master/2020/09/2020-09-16-dfl.md
SuperSportKosova3.xk,https://github.com/github/dmca/blob/master/2020/09/2020-09-16-dfl.md
TAPSports.ph,https://github.com/github/dmca/blob/master/2020/09/2020-09-16-dfl.md
TelevisionX.uk,https://github.com/iptv-org/iptv/issues/15723
TheGrioTV.us,https://github.com/iptv-org/iptv/issues/9729
TheWeatherChannel.us,https://github.com/iptv-org/iptv/issues/9729
Tiny4K.uk,https://github.com/iptv-org/iptv/issues/15723
TivibuSpor.tr,https://github.com/github/dmca/blob/master/2020/09/2020-09-16-dfl.md
TivibuSpor2.tr,https://github.com/github/dmca/blob/master/2020/09/2020-09-16-dfl.md
TivibuSpor3.tr,https://github.com/github/dmca/blob/master/2020/09/2020-09-16-dfl.md
TivibuSpor4.tr,https://github.com/github/dmca/blob/master/2020/09/2020-09-16-dfl.md
TLC.ar,https://github.com/iptv-org/iptv/issues/1831
TLC.at,https://github.com/iptv-org/iptv/issues/1831
TLC.au,https://github.com/iptv-org/iptv/issues/1831
TLC.br,https://github.com/iptv-org/iptv/issues/1831
TLC.de,https://github.com/iptv-org/iptv/issues/1831
TLC.dk,https://github.com/iptv-org/iptv/issues/1831
TLC.fi,https://github.com/iptv-org/iptv/issues/1831
TLC.hu,https://github.com/iptv-org/iptv/issues/1831
TLC.in,https://github.com/iptv-org/iptv/issues/1831
TLC.mx,https://github.com/iptv-org/iptv/issues/1831
TLC.nl,https://github.com/iptv-org/iptv/issues/1831
TLC.no,https://github.com/iptv-org/iptv/issues/1831
TLC.nz,https://github.com/iptv-org/iptv/issues/1831
TLC.pl,https://github.com/iptv-org/iptv/issues/1831
TLC.pt,https://github.com/iptv-org/iptv/issues/1831
TLC.ro,https://github.com/iptv-org/iptv/issues/1831
TLC.ru,https://github.com/iptv-org/iptv/issues/1831
TLC.se,https://github.com/iptv-org/iptv/issues/1831
TLC.tr,https://github.com/iptv-org/iptv/issues/1831
TLC.tw,https://github.com/iptv-org/iptv/issues/1831
TLC.uk,https://github.com/iptv-org/iptv/issues/1831
TLCAfrica.us,https://github.com/iptv-org/iptv/issues/1831
TLCArabia.us,https://github.com/iptv-org/iptv/issues/1831
TLCBalkan.us,https://github.com/iptv-org/iptv/issues/1831
TLCEast.us,https://github.com/iptv-org/iptv/issues/1831
TLCHD.uk,https://github.com/iptv-org/iptv/issues/1831
TLCLatinAmerica.us,https://github.com/iptv-org/iptv/issues/1831
TLCPanregional.us,https://github.com/iptv-org/iptv/issues/1831
TLCPlus1.uk,https://github.com/iptv-org/iptv/issues/1831
TLCPlus2.au,https://github.com/iptv-org/iptv/issues/1831
TLCSouth.us,https://github.com/iptv-org/iptv/issues/1831
TLCSoutheastAsia.sg,https://github.com/iptv-org/iptv/issues/1831
TLCWest.us,https://github.com/iptv-org/iptv/issues/1831
TNTSports1.uk,https://github.com/iptv-org/iptv/issues/6973
TNTSports10.uk,https://github.com/iptv-org/iptv/issues/6973
TNTSports1HD.uk,https://github.com/iptv-org/iptv/issues/6973
TNTSports2.uk,https://github.com/iptv-org/iptv/issues/6973
TNTSports2HD.uk,https://github.com/iptv-org/iptv/issues/6973
TNTSports3.uk,https://github.com/iptv-org/iptv/issues/6973
TNTSports3HD.uk,https://github.com/iptv-org/iptv/issues/6973
TNTSports4.uk,https://github.com/iptv-org/iptv/issues/6973
TNTSports4HD.uk,https://github.com/iptv-org/iptv/issues/6973
TNTSports5.uk,https://github.com/iptv-org/iptv/issues/6973
TNTSports6.uk,https://github.com/iptv-org/iptv/issues/6973
TNTSports7.uk,https://github.com/iptv-org/iptv/issues/6973
TNTSports8.uk,https://github.com/iptv-org/iptv/issues/6973
TNTSports9.uk,https://github.com/iptv-org/iptv/issues/6973
TNTSportsBoxOffice.uk,https://github.com/iptv-org/iptv/issues/6973
TNTSportsBoxOffice2.uk,https://github.com/iptv-org/iptv/issues/6973
TNTSportsBoxOffice2HD.uk,https://github.com/iptv-org/iptv/issues/6973
TNTSportsBoxOfficeHD.uk,https://github.com/iptv-org/iptv/issues/6973
TNTSportsUltimate.uk,https://github.com/iptv-org/iptv/issues/6973
TransAngels.ca,https://github.com/iptv-org/iptv/issues/15723
TravelChannel.au,https://github.com/iptv-org/iptv/issues/1831
TravelChannel.in,https://github.com/iptv-org/iptv/issues/1831
TravelChannel.pl,https://github.com/iptv-org/iptv/issues/1831
TravelChannel.tw,https://github.com/iptv-org/iptv/issues/1831
TravelChannelEast.us,https://github.com/iptv-org/iptv/issues/1831
TravelChannelEMEA.uk,https://github.com/iptv-org/iptv/issues/1831
TravelChannelSoutheastAsia.sg,https://github.com/iptv-org/iptv/issues/1831
TravelChannelWest.us,https://github.com/iptv-org/iptv/issues/1831
TrueAmateurs.ca,https://github.com/iptv-org/iptv/issues/15723
TrueAmateurs.uk,https://github.com/iptv-org/iptv/issues/15723
TSN1.mt,https://github.com/github/dmca/blob/master/2020/09/2020-09-16-dfl.md
TSN2.mt,https://github.com/github/dmca/blob/master/2020/09/2020-09-16-dfl.md
TSN3.mt,https://github.com/github/dmca/blob/master/2020/09/2020-09-16-dfl.md
TSN4.mt,https://github.com/github/dmca/blob/master/2020/09/2020-09-16-dfl.md
TSN5.mt,https://github.com/github/dmca/blob/master/2020/09/2020-09-16-dfl.md
TSN6.mt,https://github.com/github/dmca/blob/master/2020/09/2020-09-16-dfl.md
TSN7.mt,https://github.com/github/dmca/blob/master/2020/09/2020-09-16-dfl.md
TSN8.mt,https://github.com/github/dmca/blob/master/2020/09/2020-09-16-dfl.md
TTV.pl,https://github.com/iptv-org/iptv/issues/1831
TUSHY.us,https://github.com/iptv-org/iptv/issues/15723
TUSHYRAW.us,https://github.com/iptv-org/iptv/issues/15723
TV3Sport.dk,https://github.com/github/dmca/blob/master/2020/09/2020-09-16-dfl.md
TVN.pl,https://github.com/iptv-org/iptv/issues/1831
TVN24.pl,https://github.com/iptv-org/iptv/issues/1831
TVN24BiS.pl,https://github.com/iptv-org/iptv/issues/1831
TVN7.pl,https://github.com/iptv-org/iptv/issues/1831
TVNFabula.pl,https://github.com/iptv-org/iptv/issues/1831
TVNorge.no,https://github.com/iptv-org/iptv/issues/1831
TVNStyle.pl,https://github.com/iptv-org/iptv/issues/1831
TVNTurbo.pl,https://github.com/iptv-org/iptv/issues/1831
TVVarzish.tj,https://github.com/github/dmca/blob/master/2020/09/2020-09-16-dfl.md
VanillaSkyChannel.jp,https://github.com/iptv-org/iptv/issues/15723
Venus.ar,https://github.com/iptv-org/iptv/issues/15723
VENUS.jp,https://github.com/iptv-org/iptv/issues/15723
VenusHD.ar,https://github.com/iptv-org/iptv/issues/15723
VERAPORNGROUPSEX1.ru,https://github.com/iptv-org/iptv/issues/15723
VERAPORNGROUPSEX2.ru,https://github.com/iptv-org/iptv/issues/15723
Viki.kr,https://github.com/iptv-org/iptv/issues/15723
VisitXTV.nl,https://github.com/iptv-org/iptv/issues/15723
VividREDHD.us,https://github.com/iptv-org/iptv/issues/15723
VividTouch.uk,https://github.com/iptv-org/iptv/issues/15723
VividTV.us,https://github.com/iptv-org/iptv/issues/15723
VividTVEurope.uk,https://github.com/iptv-org/iptv/issues/15723
VividTVMonthlyOffer.us,https://github.com/iptv-org/iptv/issues/15723
VixenHD.us,https://github.com/iptv-org/iptv/issues/15723
VixenTV.ca,https://github.com/iptv-org/iptv/issues/15723
VOX.no,https://github.com/iptv-org/iptv/issues/1831
VSport1.fi,https://github.com/github/dmca/blob/master/2020/09/2020-09-16-dfl.md
VSport1.no,https://github.com/github/dmca/blob/master/2020/09/2020-09-16-dfl.md
VSport1.se,https://github.com/github/dmca/blob/master/2020/09/2020-09-16-dfl.md
VSport2.fi,https://github.com/github/dmca/blob/master/2020/09/2020-09-16-dfl.md
VSport2.no,https://github.com/github/dmca/blob/master/2020/09/2020-09-16-dfl.md
VSport3.no,https://github.com/github/dmca/blob/master/2020/09/2020-09-16-dfl.md
VSportExtra.se,https://github.com/github/dmca/blob/master/2020/09/2020-09-16-dfl.md
VSportFootball.se,https://github.com/github/dmca/blob/master/2020/09/2020-09-16-dfl.md
VSportLive1.se,https://github.com/github/dmca/blob/master/2020/09/2020-09-16-dfl.md
VSportLive2.se,https://github.com/github/dmca/blob/master/2020/09/2020-09-16-dfl.md
VSportLive3.se,https://github.com/github/dmca/blob/master/2020/09/2020-09-16-dfl.md
VSportLive4.se,https://github.com/github/dmca/blob/master/2020/09/2020-09-16-dfl.md
VSportLive5.se,https://github.com/github/dmca/blob/master/2020/09/2020-09-16-dfl.md
VSportPlus.fi,https://github.com/github/dmca/blob/master/2020/09/2020-09-16-dfl.md
VSportPlus.no,https://github.com/github/dmca/blob/master/2020/09/2020-09-16-dfl.md
VSportPremium.se,https://github.com/github/dmca/blob/master/2020/09/2020-09-16-dfl.md
VSportUltraHD.se,https://github.com/github/dmca/blob/master/2020/09/2020-09-16-dfl.md
VTVCab1.vn,https://github.com/github/dmca/blob/master/2020/09/2020-09-16-dfl.md
VTVCab7.vn,https://github.com/github/dmca/blob/master/2020/09/2020-09-16-dfl.md
W14DKD4.us,https://github.com/iptv-org/iptv/issues/9729
WDPNDT7.us,https://github.zendesk.com/attachments/token/qCOIlhjNbuhARY64ffpnzv9Ef/?name=2022-01-06-localnow.rtf
WeLiveTogether.us,https://github.com/iptv-org/iptv/issues/15723
WhiteBoxxx.ro,https://github.com/iptv-org/iptv/issues/15723
Wicked.us,https://github.com/iptv-org/iptv/issues/15723
WNWTLD1.us,https://github.zendesk.com/attachments/token/qCOIlhjNbuhARY64ffpnzv9Ef/?name=2022-01-06-localnow.rtf
WRJKLP3.us,https://github.zendesk.com/attachments/token/qCOIlhjNbuhARY64ffpnzv9Ef/?name=2022-01-06-localnow.rtf
X1.al,https://github.com/iptv-org/iptv/issues/15723
Xee.dk,https://github.com/github/dmca/blob/master/2020/09/2020-09-16-dfl.md
XMO.nl,https://github.com/iptv-org/iptv/issues/15723
XpandedTV.uk,https://github.com/iptv-org/iptv/issues/15723
XXL.fr,https://github.com/iptv-org/iptv/issues/15723
XXXCartoons.de,https://github.com/iptv-org/iptv/issues/15723
XXXLovesBerryHD.ru,https://github.com/iptv-org/iptv/issues/15723
XXXTazyHD.si,https://github.com/iptv-org/iptv/issues/15723
XYmax.uk,https://github.com/iptv-org/iptv/issues/15723
XYmaxHD.uk,https://github.com/iptv-org/iptv/issues/15723
XYmix.uk,https://github.com/iptv-org/iptv/issues/15723
XYmixHD.uk,https://github.com/iptv-org/iptv/issues/15723
XYplus.uk,https://github.com/iptv-org/iptv/issues/15723
XYplusHD.uk,https://github.com/iptv-org/iptv/issues/15723
Zaptv.jp,https://github.com/iptv-org/iptv/issues/15723