name,code,languages,flag
Afghanistan,AF,pus;prd;tuk,ğŸ‡¦ğŸ‡«
Aland,AX,swe,ğŸ‡¦ğŸ‡½
Albania,AL,sqi,ğŸ‡¦ğŸ‡±
Algeria,DZ,ara,ğŸ‡©ğŸ‡¿
American Samoa,AS,eng;smo,ğŸ‡¦ğŸ‡¸
Andorra,AD,cat,ğŸ‡¦ğŸ‡©
Angola,AO,por,ğŸ‡¦ğŸ‡´
Anguilla,AI,eng,ğŸ‡¦ğŸ‡®
Antarctica,AQ,eng,ğŸ‡¦ğŸ‡¶
Antigua and Barbuda,AG,eng,ğŸ‡¦ğŸ‡¬
Argentina,AR,grn;spa,ğŸ‡¦ğŸ‡·
Armenia,AM,hye,ğŸ‡¦ğŸ‡²
Aruba,AW,nld;pap,ğŸ‡¦ğŸ‡¼
Australia,AU,eng,ğŸ‡¦ğŸ‡º
Austria,AT,deu,ğŸ‡¦ğŸ‡¹
Azerbaijan,AZ,aze;rus,ğŸ‡¦ğŸ‡¿
Bahamas,BS,eng,ğŸ‡§ğŸ‡¸
Bahrain,BH,ara,ğŸ‡§ğŸ‡­
Bangladesh,BD,ben,ğŸ‡§ğŸ‡©
Barbados,BB,eng,ğŸ‡§ğŸ‡§
Belarus,BY,bel;rus,ğŸ‡§ğŸ‡¾
Belgium,BE,deu;fra;nld,ğŸ‡§ğŸ‡ª
Belize,BZ,bjz;eng;spa,ğŸ‡§ğŸ‡¿
Benin,BJ,fra,ğŸ‡§ğŸ‡¯
Bermuda,BM,eng,ğŸ‡§ğŸ‡²
Bhutan,BT,dzo,ğŸ‡§ğŸ‡¹
Bolivia,BO,aym;grn;que;spa,ğŸ‡§ğŸ‡´
Bonaire,BQ,eng;nld;pap,ğŸ‡§ğŸ‡¶
Bosnia and Herzegovina,BA,bos;hrv;srp,ğŸ‡§ğŸ‡¦
Botswana,BW,eng;tsn,ğŸ‡§ğŸ‡¼
Bouvet Island,BV,nor,ğŸ‡§ğŸ‡»
Brazil,BR,por,ğŸ‡§ğŸ‡·
British Indian Ocean Territory,IO,eng,ğŸ‡®ğŸ‡´
British Virgin Islands,VG,eng,ğŸ‡»ğŸ‡¬
Brunei,BN,msa,ğŸ‡§ğŸ‡³
Bulgaria,BG,bul,ğŸ‡§ğŸ‡¬
Burkina Faso,BF,fra,ğŸ‡§ğŸ‡«
Burundi,BI,fra;run,ğŸ‡§ğŸ‡®
Cambodia,KH,khm,ğŸ‡°ğŸ‡­
Cameroon,CM,eng;fra,ğŸ‡¨ğŸ‡²
Canada,CA,eng;fra,ğŸ‡¨ğŸ‡¦
Cape Verde,CV,por,ğŸ‡¨ğŸ‡»
Cayman Islands,KY,eng,ğŸ‡°ğŸ‡¾
Central African Republic,CF,fra;sag,ğŸ‡¨ğŸ‡«
Chad,TD,ara;fra,ğŸ‡¹ğŸ‡©
Chile,CL,spa,ğŸ‡¨ğŸ‡±
China,CN,zho,ğŸ‡¨ğŸ‡³
Christmas Island,CX,eng,ğŸ‡¨ğŸ‡½
Cocos (Keeling) Islands,CC,eng,ğŸ‡¨ğŸ‡¨
Colombia,CO,spa,ğŸ‡¨ğŸ‡´
Comoros,KM,ara;fra;zdj,ğŸ‡°ğŸ‡²
Cook Islands,CK,eng;rar,ğŸ‡¨ğŸ‡°
Costa Rica,CR,spa,ğŸ‡¨ğŸ‡·
Croatia,HR,hrv,ğŸ‡­ğŸ‡·
Cuba,CU,spa,ğŸ‡¨ğŸ‡º
Curacao,CW,eng;nld;pap,ğŸ‡¨ğŸ‡¼
Cyprus,CY,ell;tur,ğŸ‡¨ğŸ‡¾
Czech Republic,CZ,ces;slk,ğŸ‡¨ğŸ‡¿
Democratic Republic of the Congo,CD,fra;kon;lin;lua;swa,ğŸ‡¨ğŸ‡©
Denmark,DK,dan,ğŸ‡©ğŸ‡°
Djibouti,DJ,ara;fra,ğŸ‡©ğŸ‡¯
Dominica,DM,eng,ğŸ‡©ğŸ‡²
Dominican Republic,DO,spa,ğŸ‡©ğŸ‡´
East Timor,TL,por;tet,ğŸ‡¹ğŸ‡±
Ecuador,EC,spa,ğŸ‡ªğŸ‡¨
Egypt,EG,ara,ğŸ‡ªğŸ‡¬
El Salvador,SV,spa,ğŸ‡¸ğŸ‡»
Equatorial Guinea,GQ,fra;por;spa,ğŸ‡¬ğŸ‡¶
Eritrea,ER,ara;eng;tir,ğŸ‡ªğŸ‡·
Estonia,EE,est,ğŸ‡ªğŸ‡ª
Ethiopia,ET,amh,ğŸ‡ªğŸ‡¹
Falkland Islands,FK,eng,ğŸ‡«ğŸ‡°
Faroe Islands,FO,dan;fao,ğŸ‡«ğŸ‡´
Fiji,FJ,eng;fij;hif,ğŸ‡«ğŸ‡¯
Finland,FI,fin;swe,ğŸ‡«ğŸ‡®
France,FR,fra,ğŸ‡«ğŸ‡·
French Guiana,GF,fra,ğŸ‡¬ğŸ‡«
French Polynesia,PF,fra,ğŸ‡µğŸ‡«
French Southern Territories,TF,fra,ğŸ‡¹ğŸ‡«
Gabon,GA,fra,ğŸ‡¬ğŸ‡¦
Gambia,GM,eng,ğŸ‡¬ğŸ‡²
Georgia,GE,kat,ğŸ‡¬ğŸ‡ª
Germany,DE,deu,ğŸ‡©ğŸ‡ª
Ghana,GH,eng,ğŸ‡¬ğŸ‡­
Gibraltar,GI,eng,ğŸ‡¬ğŸ‡®
Greece,GR,ell,ğŸ‡¬ğŸ‡·
Greenland,GL,kal,ğŸ‡¬ğŸ‡±
Grenada,GD,eng,ğŸ‡¬ğŸ‡©
Guadeloupe,GP,fra,ğŸ‡¬ğŸ‡µ
Guam,GU,cha;eng;spa,ğŸ‡¬ğŸ‡º
Guatemala,GT,spa,ğŸ‡¬ğŸ‡¹
Guernsey,GG,eng;fra;nfr,ğŸ‡¬ğŸ‡¬
Guinea,GN,fra,ğŸ‡¬ğŸ‡³
Guinea-Bissau,GW,por;pov,ğŸ‡¬ğŸ‡¼
Guyana,GY,eng,ğŸ‡¬ğŸ‡¾
Haiti,HT,fra;hat,ğŸ‡­ğŸ‡¹
Heard Island and McDonald Islands,HM,eng,ğŸ‡­ğŸ‡²
Honduras,HN,spa,ğŸ‡­ğŸ‡³
Hong Kong,HK,eng;zho,ğŸ‡­ğŸ‡°
Hungary,HU,hun,ğŸ‡­ğŸ‡º
Iceland,IS,isl,ğŸ‡®ğŸ‡¸
India,IN,eng;hin;tam,ğŸ‡®ğŸ‡³
Indonesia,ID,ind,ğŸ‡®ğŸ‡©
Iran,IR,fas,ğŸ‡®ğŸ‡·
Iraq,IQ,ara;arc;ckb,ğŸ‡®ğŸ‡¶
Ireland,IE,eng;gle,ğŸ‡®ğŸ‡ª
Isle of Man,IM,eng;glv,ğŸ‡®ğŸ‡²
Israel,IL,ara;heb,ğŸ‡®ğŸ‡±
Italy,IT,ita,ğŸ‡®ğŸ‡¹
Ivory Coast,CI,fra,ğŸ‡¨ğŸ‡®
Jamaica,JM,eng;jam,ğŸ‡¯ğŸ‡²
Japan,JP,jpn,ğŸ‡¯ğŸ‡µ
Jersey,JE,eng;fra;nrf,ğŸ‡¯ğŸ‡ª
Jordan,JO,ara,ğŸ‡¯ğŸ‡´
Kazakhstan,KZ,kaz;rus,ğŸ‡°ğŸ‡¿
Kenya,KE,eng;swa,ğŸ‡°ğŸ‡ª
Kiribati,KI,eng;gil,ğŸ‡°ğŸ‡®
Kosovo,XK,sqi;srp,ğŸ‡½ğŸ‡°
Kuwait,KW,ara,ğŸ‡°ğŸ‡¼
Kyrgyzstan,KG,kir;rus,ğŸ‡°ğŸ‡¬
Laos,LA,lao,ğŸ‡±ğŸ‡¦
Latvia,LV,lav,ğŸ‡±ğŸ‡»
Lebanon,LB,ara;fra,ğŸ‡±ğŸ‡§
Lesotho,LS,eng;sot,ğŸ‡±ğŸ‡¸
Liberia,LR,eng,ğŸ‡±ğŸ‡·
Libya,LY,ara,ğŸ‡±ğŸ‡¾
Liechtenstein,LI,deu,ğŸ‡±ğŸ‡®
Lithuania,LT,lit,ğŸ‡±ğŸ‡¹
Luxembourg,LU,deu;fra;ltz,ğŸ‡±ğŸ‡º
Macao,MO,por;zho,ğŸ‡²ğŸ‡´
Madagascar,MG,fra;mlg,ğŸ‡²ğŸ‡¬
Malawi,MW,eng;nya,ğŸ‡²ğŸ‡¼
Malaysia,MY,eng;msa,ğŸ‡²ğŸ‡¾
Maldives,MV,div,ğŸ‡²ğŸ‡»
Mali,ML,fra,ğŸ‡²ğŸ‡±
Malta,MT,eng;mlt,ğŸ‡²ğŸ‡¹
Marshall Islands,MH,eng;mah,ğŸ‡²ğŸ‡­
Martinique,MQ,fra,ğŸ‡²ğŸ‡¶
Mauritania,MR,ara,ğŸ‡²ğŸ‡·
Mauritius,MU,eng;fra;mfe,ğŸ‡²ğŸ‡º
Mayotte,YT,fra,ğŸ‡¾ğŸ‡¹
Mexico,MX,spa,ğŸ‡²ğŸ‡½
Micronesia,FM,eng,ğŸ‡«ğŸ‡²
Moldova,MD,ron,ğŸ‡²ğŸ‡©
Monaco,MC,fra,ğŸ‡²ğŸ‡¨
Mongolia,MN,mon,ğŸ‡²ğŸ‡³
Montenegro,ME,cnr;srp;bos;sqi;hrv,ğŸ‡²ğŸ‡ª
Montserrat,MS,eng,ğŸ‡²ğŸ‡¸
Morocco,MA,ara;zgh,ğŸ‡²ğŸ‡¦
Mozambique,MZ,por,ğŸ‡²ğŸ‡¿
Myanmar,MM,mya,ğŸ‡²ğŸ‡²
Namibia,NA,afr;deu;eng;her;hgm;kwn;loz;ndo;tsn,ğŸ‡³ğŸ‡¦
Nauru,NR,eng;nau,ğŸ‡³ğŸ‡·
Nepal,NP,nep,ğŸ‡³ğŸ‡µ
Netherlands,NL,nld,ğŸ‡³ğŸ‡±
New Caledonia,NC,fra,ğŸ‡³ğŸ‡¨
New Zealand,NZ,eng;mri;nzs,ğŸ‡³ğŸ‡¿
Nicaragua,NI,spa,ğŸ‡³ğŸ‡®
Niger,NE,fra,ğŸ‡³ğŸ‡ª
Nigeria,NG,eng,ğŸ‡³ğŸ‡¬
Niue,NU,eng;niu,ğŸ‡³ğŸ‡º
Norfolk Island,NF,eng;pih,ğŸ‡³ğŸ‡«
North Korea,KP,kor,ğŸ‡°ğŸ‡µ
North Macedonia,MK,mkd,ğŸ‡²ğŸ‡°
Northern Mariana Islands,MP,cal;cha;eng,ğŸ‡²ğŸ‡µ
Norway,NO,nor,ğŸ‡³ğŸ‡´
Oman,OM,ara,ğŸ‡´ğŸ‡²
Pakistan,PK,eng;urd,ğŸ‡µğŸ‡°
Palau,PW,eng;pau,ğŸ‡µğŸ‡¼
Palestine,PS,ara,ğŸ‡µğŸ‡¸
Panama,PA,spa,ğŸ‡µğŸ‡¦
Papua New Guinea,PG,eng;hmo;tpi,ğŸ‡µğŸ‡¬
Paraguay,PY,grn;spa,ğŸ‡µğŸ‡¾
Peru,PE,aym;que;spa,ğŸ‡µğŸ‡ª
Philippines,PH,eng;fil,ğŸ‡µğŸ‡­
Pitcairn Islands,PN,eng,ğŸ‡µğŸ‡³
Poland,PL,pol,ğŸ‡µğŸ‡±
Portugal,PT,por,ğŸ‡µğŸ‡¹
Puerto Rico,PR,eng;spa,ğŸ‡µğŸ‡·
Qatar,QA,ara,ğŸ‡¶ğŸ‡¦
Republic of the Congo,CG,fra;kon;lin,ğŸ‡¨ğŸ‡¬
Romania,RO,ron,ğŸ‡·ğŸ‡´
Russia,RU,rus,ğŸ‡·ğŸ‡º
Rwanda,RW,eng;fra;kin,ğŸ‡·ğŸ‡¼
Reunion,RE,fra,ğŸ‡·ğŸ‡ª
Saint BarthÃ©lemy,BL,fra,ğŸ‡§ğŸ‡±
Saint Helena,SH,eng,ğŸ‡¸ğŸ‡­
Saint Kitts and Nevis,KN,eng,ğŸ‡°ğŸ‡³
Saint Lucia,LC,eng,ğŸ‡±ğŸ‡¨
Saint Martin,MF,fra,ğŸ‡²ğŸ‡«
Saint Pierre and Miquelon,PM,fra,ğŸ‡µğŸ‡²
Saint Vincent and the Grenadines,VC,eng,ğŸ‡»ğŸ‡¨
Samoa,WS,eng;smo,ğŸ‡¼ğŸ‡¸
San Marino,SM,ita,ğŸ‡¸ğŸ‡²
Saudi Arabia,SA,ara,ğŸ‡¸ğŸ‡¦
Senegal,SN,fra,ğŸ‡¸ğŸ‡³
Serbia,RS,srp,ğŸ‡·ğŸ‡¸
Seychelles,SC,crs;eng;fra,ğŸ‡¸ğŸ‡¨
Sierra Leone,SL,eng,ğŸ‡¸ğŸ‡±
Singapore,SG,eng;msa;zho;tam,ğŸ‡¸ğŸ‡¬
Sint Maarten,SX,eng;fra;nld,ğŸ‡¸ğŸ‡½
Slovakia,SK,slk;ces,ğŸ‡¸ğŸ‡°
Slovenia,SI,slv,ğŸ‡¸ğŸ‡®
Solomon Islands,SB,eng,ğŸ‡¸ğŸ‡§
Somalia,SO,ara;som,ğŸ‡¸ğŸ‡´
South Africa,ZA,afr;eng;nbl;nso;sot;ssw;tsn;tso;ven;xho;zul,ğŸ‡¿ğŸ‡¦
South Georgia and the South Sandwich Islands,GS,eng,ğŸ‡¬ğŸ‡¸
South Korea,KR,kor,ğŸ‡°ğŸ‡·
South Sudan,SS,eng,ğŸ‡¸ğŸ‡¸
Spain,ES,spa;cat;eus;glg,ğŸ‡ªğŸ‡¸
Sri Lanka,LK,sin;tam,ğŸ‡±ğŸ‡°
Sudan,SD,ara;eng,ğŸ‡¸ğŸ‡©
Suriname,SR,nld,ğŸ‡¸ğŸ‡·
Svalbard and Jan Mayen,SJ,nor,ğŸ‡¸ğŸ‡¯
Swaziland,SZ,eng;ssw,ğŸ‡¸ğŸ‡¿
Sweden,SE,swe,ğŸ‡¸ğŸ‡ª
Switzerland,CH,deu;fra;ita,ğŸ‡¨ğŸ‡­
Syria,SY,ara,ğŸ‡¸ğŸ‡¾
Sao Tome and Principe,ST,por,ğŸ‡¸ğŸ‡¹
Taiwan,TW,zho,ğŸ‡¹ğŸ‡¼
Tajikistan,TJ,rus;tgk,ğŸ‡¹ğŸ‡¯
Tanzania,TZ,eng;swa,ğŸ‡¹ğŸ‡¿
Thailand,TH,tha,ğŸ‡¹ğŸ‡­
Togo,TG,fra,ğŸ‡¹ğŸ‡¬
Tokelau,TK,eng;smo;tkl,ğŸ‡¹ğŸ‡°
Tonga,TO,eng;ton,ğŸ‡¹ğŸ‡´
Trinidad and Tobago,TT,eng,ğŸ‡¹ğŸ‡¹
Tunisia,TN,ara,ğŸ‡¹ğŸ‡³
Turkiye,TR,tur,ğŸ‡¹ğŸ‡·
Turkmenistan,TM,rus;tuk,ğŸ‡¹ğŸ‡²
Turks and Caicos Islands,TC,eng,ğŸ‡¹ğŸ‡¨
Tuvalu,TV,eng;tvl,ğŸ‡¹ğŸ‡»
U.S. Minor Outlying Islands,UM,eng,ğŸ‡ºğŸ‡²
U.S. Virgin Islands,VI,eng,ğŸ‡»ğŸ‡®
Uganda,UG,eng;swa,ğŸ‡ºğŸ‡¬
Ukraine,UA,ukr,ğŸ‡ºğŸ‡¦
United Arab Emirates,AE,ara,ğŸ‡¦ğŸ‡ª
United Kingdom,UK,eng,ğŸ‡¬ğŸ‡§
United States,US,eng;spa,ğŸ‡ºğŸ‡¸
Uruguay,UY,spa,ğŸ‡ºğŸ‡¾
Uzbekistan,UZ,rus;uzb,ğŸ‡ºğŸ‡¿
Vanuatu,VU,bis;eng;fra,ğŸ‡»ğŸ‡º
Vatican City,VA,ita;lat,ğŸ‡»ğŸ‡¦
Venezuela,VE,spa,ğŸ‡»ğŸ‡ª
Vietnam,VN,vie,ğŸ‡»ğŸ‡³
Wallis and Futuna,WF,fra,ğŸ‡¼ğŸ‡«
Western Sahara,EH,zgh;mey;spa,ğŸ‡ªğŸ‡­
Yemen,YE,ara,ğŸ‡¾ğŸ‡ª
Zambia,ZM,eng,ğŸ‡¿ğŸ‡²
Zimbabwe,ZW,bwg;eng;kck;hio;ndc;nde;nya;sna;sot;toi;tsn;tso;ven;xho;zib,ğŸ‡¿ğŸ‡¼
